name,location,tenure_group,product_area,product_num
"Natonabah, Amber",Norfolk,3,Dairy + Eggs,1
"Webb, Erron",Scranton,2,Dairy + Eggs,1
"Baldassare, Brianna",New York City,2,Dairy + Eggs,1
"al-El-Sayed, Sultana",Orlando,6,Dairy + Eggs,1
"Emert, Taylor",Jersey City,3,Dairy + Eggs,1
"Lewis, Tyrale",Akron,2,Dairy + Eggs,1
"Blackman, Raven",Norfolk,2,Dairy + Eggs,1
"Lingen, Will",New York City,1,Dairy + Eggs,1
"Simmons, Monique",Boston,6,Dairy + Eggs,1
"Gallegos, Bridgett",San Diego,2,Dairy + Eggs,1
"Mandell, Ena",Sacramento,2,Dairy + Eggs,1
"Clark, Sierra",Ann Arbor,1,Dairy + Eggs,1
"Kumpf, Jessica",Norfolk,3,Dairy + Eggs,1
"al-Mannan, Jaasim",Norfolk,5,Dairy + Eggs,1
"Gosz, Lisa",Norfolk,2,Dairy + Eggs,1
"al-Hashmi, Hafsa",Sacramento,3,Dairy + Eggs,1
"Tran, Johnny",Milwaukee,2,Dairy + Eggs,1
"Anderson, Eva",Cincinatti,3,Dairy + Eggs,1
"Davis, Charlotte",Ann Arbor,2,Dairy + Eggs,1
"Trujillo, Brandon",Milwaukee,5,Dairy + Eggs,1
"Akhtar, Steffany",Norfolk,5,Dairy + Eggs,1
"Long, Destiny",Norfolk,6,Dairy + Eggs,1
"Cody, Devin",Jersey City,2,Dairy + Eggs,1
"Roberts, Jennifer",Norfolk,2,Dairy + Eggs,1
"Kills In Sight, Braedon",Irvine,2,Dairy + Eggs,1
"Tran, Vanya",Norfolk,2,Dairy + Eggs,1
"Martinez, Eduardo",Orlando,3,Dairy + Eggs,1
"al-Ghazi, Mawzoona",Greenville,3,Dairy + Eggs,1
"al-Siddique, Sabaaha",Norfolk,2,Dairy + Eggs,1
"Downs, Christian",Saint Paul,2,Dairy + Eggs,1
"Elcock, Daijha",Norfolk,5,Dairy + Eggs,1
"Puga-Garcia, Jorge",Sacramento,3,Dairy + Eggs,1
"Yoshimura, Rachael",New York City,2,Dairy + Eggs,1
"Dumas, Makayla",Jersey City,2,Dairy + Eggs,1
"Mergerson, Ryvon",Norfolk,6,Dairy + Eggs,1
"Batt, Audrey",Boston,2,Dairy + Eggs,1
"Dow Babycos, Sabrina",Cambridge,2,Dairy + Eggs,1
"Garcia, Justin",Norfolk,2,Dairy + Eggs,1
"Khorshid, Mark",Orlando,2,Dairy + Eggs,1
"Santiago, Hana",Irvine,2,Dairy + Eggs,1
"Lobatos Sanchez, Miguel",New York City,2,Dairy + Eggs,1
"Dittloff, Patrick",New York City,2,Dairy + Eggs,1
"Lehi, Angelina",Norfolk,2,Dairy + Eggs,1
"Rocha, Benjamin",Boston,5,Dairy + Eggs,1
"Thurby, Aaron",Norfolk,6,Dairy + Eggs,1
"Markham, Christopher",Sacramento,3,Dairy + Eggs,1
"Montoya, Emma",Norfolk,2,Dairy + Eggs,1
"Matthiesen, Dillon",Norfolk,5,Dairy + Eggs,1
"Dodson, Blake",Norfolk,3,Dairy + Eggs,1
"al-Shakoor, Uqbah",Norfolk,2,Dairy + Eggs,1
"el-Mansoor, Ibrahim",Kansas City,2,Dairy + Eggs,1
"al-Khalid, Jihaad",San Diego,2,Dairy + Eggs,1
"Birkhead, Ji Young",Sacramento,5,Dairy + Eggs,1
"Hodges, Alexander",Norfolk,4,Dairy + Eggs,1
"Durham, Adam",Norfolk,3,Dairy + Eggs,1
"el-Jabara, Tareef",Milwaukee,2,Dairy + Eggs,1
"Allison, Garrett",Jersey City,2,Dairy + Eggs,1
"Soto, Ghibrian",Jersey City,5,Dairy + Eggs,1
"Blackwater, Jeremy",Milwaukee,2,Dairy + Eggs,1
"Pham, Kanya",Irvine,3,Dairy + Eggs,1
"Basinger, Andrew",Norfolk,6,Dairy + Eggs,1
"Lujan, Natelle Rae",Irvine,5,Dairy + Eggs,1
"Harney, Robyn",Norfolk,2,Dairy + Eggs,1
"el-Koroma, Nabeela",Westchester,2,Dairy + Eggs,1
"Elam, Kiah",Milwaukee,5,Dairy + Eggs,1
"Petersen, Megan",Decatur,5,Dairy + Eggs,1
"Taylor, Christian",Norfolk,6,Dairy + Eggs,1
"al-Meer, Jaadallah",Milwaukee,5,Dairy + Eggs,1
"al-Saladin, Masood",Westchester,3,Dairy + Eggs,1
"el-Amara, Rawda",Westchester,2,Dairy + Eggs,1
"Gilkey, Makeyla",Norfolk,2,Dairy + Eggs,1
"Aragon, Adinidiin",San Diego,2,Dairy + Eggs,1
"Shoels, Brittany",San Antonio,2,Dairy + Eggs,1
"Mckune, Austin",New York City,2,Dairy + Eggs,1
"Buehler, Brandon",Decatur,6,Dairy + Eggs,1
"el-Mousa, Atheer",Fort Worth,2,Dairy + Eggs,1
"Khuu, Mehal",Irvine,2,Dairy + Eggs,1
"Smith, Cassidy",New York City,2,Dairy + Eggs,1
"Martin, Jared",Greenwich,2,Dairy + Eggs,1
"Vital, Salvador",Ann Arbor,2,Dairy + Eggs,1
"Hopkins, Kiran",Boston,2,Dairy + Eggs,1
"Dolson, Michael",Norfolk,2,Dairy + Eggs,1
"Stepner, Dylan",New York City,2,Dairy + Eggs,1
"King, Bin",Boston,2,Dairy + Eggs,1
"Davis, Simran",Boston,3,Dairy + Eggs,1
"Little, Benjamin",New York City,2,Dairy + Eggs,1
"el-Hosein, Thaabita",Norfolk,2,Dairy + Eggs,1
"Gutierrez, Nancy",Boston,2,Dairy + Eggs,1
"Ordaz, Olivia",Boston,3,Dairy + Eggs,1
"Lo, Phoutthasinh",Milwaukee,3,Dairy + Eggs,1
"Smith, Savannah",Norfolk,1,Dairy + Eggs,1
"Mameda, Bristi",Cincinatti,3,Dairy + Eggs,1
"Zakin, Nancy",Cincinatti,3,Dairy + Eggs,1
"al-Salih, Zakariyya",San Antonio,3,Dairy + Eggs,1
"Salido, Billye",Norfolk,5,Dairy + Eggs,1
"Fearce, Mario",New York City,2,Dairy + Eggs,1
"Nguyen, Michael",Norfolk,5,Dairy + Eggs,1
"Munnerlyn, Jacqulynn",Cincinatti,2,Dairy + Eggs,1
"Montgomery, Alicia",New York City,3,Dairy + Eggs,1
"Cramer, Deanna",Norfolk,2,Dairy + Eggs,1
"Ackah Yensu, Brandi",New York City,3,Dairy + Eggs,1
"Hurst, Katelyn",San Diego,2,Dairy + Eggs,1
"Harrison, Randi",Boston,6,Dairy + Eggs,1
"Palomo, Raylene",Cincinatti,2,Dairy + Eggs,1
"Chu, Joann",Norfolk,3,Dairy + Eggs,1
"el-Ayoub, Abyad",Norfolk,3,Dairy + Eggs,1
"Thornburg, Antonio",Boston,2,Dairy + Eggs,1
"al-Shafi, Noora",New York City,2,Dairy + Eggs,1
"Fransua, Meghan",Portland,2,Dairy + Eggs,1
"Lindquist, Kayla",Boston,2,Dairy + Eggs,1
"Gomez, Adrianne",Sacramento,2,Dairy + Eggs,1
"al-Haidar, Nazmiyya",Norfolk,2,Dairy + Eggs,1
"Archuleta, Benjamin",Portland,3,Dairy + Eggs,1
"al-Masood, Razeena",Jersey City,3,Dairy + Eggs,1
"al-Rahmani, Neeshaan",Westchester,2,Dairy + Eggs,1
"al-Rauf, Unais",Norfolk,3,Dairy + Eggs,1
"Farah, Savannah",Norfolk,6,Dairy + Eggs,1
"al-Dawood, Shawqi",Decatur,2,Dairy + Eggs,1
"al-Halim, Jawhar",Norfolk,3,Dairy + Eggs,1
"Chavez, Dahlia",Norfolk,2,Dairy + Eggs,1
"Hinojos Orozco, Elvia",San Antonio,3,Dairy + Eggs,1
"al-Minhas, Arafaat",Milwaukee,2,Dairy + Eggs,1
"Duong, Ryan",Milwaukee,2,Dairy + Eggs,1
"Carter, Joshua",Norfolk,2,Dairy + Eggs,1
"Archuleta, Teresa",Milwaukee,2,Dairy + Eggs,1
"Mercurio, Aaron",Jersey City,2,Dairy + Eggs,1
"Marquez, Tosha",New York City,6,Dairy + Eggs,1
"Katamaneni, Emily",San Diego,2,Dairy + Eggs,1
"Lanza, Glen",Ann Arbor,2,Dairy + Eggs,1
"Reddy, Kelly",Jersey City,2,Dairy + Eggs,1
"Chapman, Khanh",Norfolk,2,Dairy + Eggs,1
"el-Hashim, Shafee'a",Westchester,3,Dairy + Eggs,1
"Martinez, Maribel",San Antonio,3,Dairy + Eggs,1
"Riplie Jr, Matthew",Boston,6,Dairy + Eggs,1
"Mckenzie, Andy",Sacramento,6,Dairy + Eggs,1
"el-Huda, Fawwaaz",San Diego,3,Dairy + Eggs,1
"Parker, Megan",Westchester,2,Dairy + Eggs,1
"Cox, Josiah",Norfolk,5,Dairy + Eggs,1
"Williams, Andre",Kansas City,2,Dairy + Eggs,1
"Nichols, Rudolph",Norfolk,2,Dairy + Eggs,1
"Bohannon Pea, Kaela",Milwaukee,5,Dairy + Eggs,1
"Le, Melanie",Portland,2,Dairy + Eggs,1
"Doyle, Elise",Norfolk,5,Dairy + Eggs,1
"Kelly, Adedotun",Cincinatti,3,Dairy + Eggs,1
"Kuge, Batoul",Norfolk,3,Dairy + Eggs,1
"Netsanet, Armound",Norfolk,3,Dairy + Eggs,1
"Howard, Cora",Kansas City,2,Dairy + Eggs,1
"Merrow, Kassandra",New York City,3,Dairy + Eggs,1
"Martinez, Alexandro",San Diego,2,Dairy + Eggs,1
"Layden, Robert",Norfolk,2,Dairy + Eggs,1
"Domingo, Chuan-Kun",San Antonio,2,Dairy + Eggs,1
"Booker, Gregory",Norfolk,6,Dairy + Eggs,1
"King, Kyle",Norfolk,6,Dairy + Eggs,1
"Kim, Sendy",New York City,2,Dairy + Eggs,1
"Nowalk Jr, Alicia",New York City,2,Dairy + Eggs,1
"Chavarin, Alex",Norfolk,5,Dairy + Eggs,1
"Barcenas-Quiroz, Amanda",Milwaukee,5,Dairy + Eggs,1
"Seiler, Shelby",Milwaukee,3,Dairy + Eggs,1
"Bemnet, Boyd",Jersey City,2,Dairy + Eggs,1
"Widaa, Lavall",Norfolk,2,Dairy + Eggs,1
"Moore, Jordan",Jersey City,2,Dairy + Eggs,1
"Canada, Darian",Decatur,3,Dairy + Eggs,1
"Haswell, Benjamin",Sacramento,2,Dairy + Eggs,1
"Paskemin, Natelle Rae",Norfolk,3,Dairy + Eggs,1
"el-Molla, Tamanna",Akron,2,Dairy + Eggs,1
"al-Rassi, Razeen",Orlando,3,Dairy + Eggs,1
"al-Shad, Shaqeeq",San Diego,2,Dairy + Eggs,1
"Boh, Kimberly",Norfolk,3,Dairy + Eggs,1
"Lorenzo, Alessa",Scranton,2,Dairy + Eggs,1
"Roubideaux, Christy",Norfolk,3,Dairy + Eggs,1
"Vivens, Shawnae",Norfolk,5,Dairy + Eggs,1
"Steele, Vela",Norfolk,2,Dairy + Eggs,1
"Snelling, Peyton",Norfolk,5,Dairy + Eggs,1
"Rocha, Elijah",Boston,5,Dairy + Eggs,1
"Hunt, Alexandrea",Saint Paul,2,Dairy + Eggs,1
"Sroka, Dustie",New York City,3,Dairy + Eggs,1
"Burd, Aiko",Milwaukee,5,Dairy + Eggs,1
"el-Parsa, Nawf",New York City,4,Produce,2
"Shah, Nikki",New York City,5,Produce,2
"al-Hamed, Afaaf",New York City,3,Produce,2
"el-Tahir, Jawhar",New York City,2,Produce,2
"el-Hassen, Faisal",Milwaukee,4,Produce,2
"Adams, Mariah",Sacramento,4,Produce,2
"Gilbert, Chandel",Sacramento,4,Produce,2
"el-Kabir, Aarifa",Scranton,3,Produce,2
"al-Kaleel, Nassaar",Boston,2,Produce,2
"el-Pasha, Abdul Baari",Portland,4,Produce,2
"Saller, Christopher",Boston,1,Produce,2
"Bui, Da Som",Boston,2,Produce,2
"Shorty, Robert",Norfolk,3,Produce,2
"Dye, Taylor",Greenville,1,Produce,2
"Gonzalez, Yurivet",New York City,4,Produce,2
"Nguyen, Ben",New York City,4,Produce,2
"al-Hoque, Nawfa",Irvine,5,Produce,2
"Campos, Tanisha",New York City,4,Produce,2
"Bivings, Michael",Greenville,1,Produce,2
"Santistevan, Miranda",Boston,4,Produce,2
"Leal, Iran",Sacramento,1,Produce,2
"Verde, Thalia",Boston,4,Produce,2
"Chipman, Jessica",Sacramento,2,Produce,2
"Dong, Michelle",New York City,4,Produce,2
"Park, Ashleigh",New York City,5,Produce,2
"Bron, Maranda",Orlando,1,Produce,2
"Furman, Dylan",Saint Paul,3,Produce,2
"Chavarria, Alexander",Boston,1,Produce,2
"Greene, Ladezhane",New York City,2,Produce,2
"Fernandez, Dameion",Sacramento,1,Produce,2
"Gurule, Luisa",Sacramento,2,Produce,2
"el-Aboud, Haafiza",New York City,2,Produce,2
"Kennedy, Manulagaeu",New York City,2,Produce,2
"el-Shah, Zahraaa",Milwaukee,3,Produce,2
"Mcclain, Camry",New York City,4,Produce,2
"Raposa, Dominique",New York City,4,Produce,2
"Sweets, Devon",New York City,4,Produce,2
"Rice, Katrina",New York City,4,Produce,2
"Green, Adrien",Spokane,2,Produce,2
"Martinez, Shania",Sacramento,4,Produce,2
"Nguyen, Steven",New York City,2,Produce,2
"Belden, Kaylina",New York City,4,Produce,2
"King, Elizabeth",Boston,4,Produce,2
"Portillo, Justin",New York City,2,Produce,2
"Orona, Elario",New York City,2,Produce,2
"Bivins, Shapprrea",New York City,3,Produce,2
"Blackbear, Naomi",New York City,1,Produce,2
"Cross, Levi",New York City,5,Produce,2
"el-Younes, Ameena",Greenville,2,Produce,2
"Stuart, Brennan",New York City,2,Produce,2
"Monroy, Mayra",New York City,6,Produce,2
"Sanders, Christina",Sacramento,2,Produce,2
"al-Raad, Amaan",Sacramento,4,Produce,2
"Brave, Howard",Harrisburg,5,Produce,2
"Lenahan, Cante",New York City,4,Produce,2
"el-Salam, Aasima",New York City,2,Produce,2
"el-Nouri, Abbaad",New York City,4,Produce,2
"Butler-Fulbright, Milo",Norfolk,4,Produce,2
"al-Farhat, Kinaana",New York City,2,Produce,2
"Engle, Dylan",New York City,1,Produce,2
"Starr, Cameron",New York City,2,Produce,2
"el-Sharaf, Bilaal",Irvine,6,Produce,2
"Reed, Kiana",Sacramento,6,Produce,2
"Stodden, Kelsey",Harrisburg,2,Produce,2
"Demario, Ellis",Orlando,4,Produce,2
"Smith, Sterling",Greenwich,3,Produce,2
"Phillips, Austin",Greenville,3,Produce,2
"Petty, Ciara",Boston,3,Produce,2
"Garrison, Brandon",New York City,2,Produce,2
"Thompson, Sandra",New York City,2,Produce,2
"Becerra, Mayra",New York City,4,Produce,2
"Lambright, Allison",New York City,2,Produce,2
"Bounds, Michealla",Norfolk,5,Produce,2
"Pfingsten, Chanthany",Sacramento,6,Produce,2
"Harper, Rebekah",Albany,2,Produce,2
"el-Kaber, Wajeeha",New York City,2,Produce,2
"Mccarty, Benjamin",Boston,5,Produce,2
"Whitaker, Darius",New York City,2,Produce,2
"Bass, Matias",Scranton,2,Produce,2
"el-Minhas, Nabeela",New York City,4,Produce,2
"al-Shah, Sahla",New York City,2,Produce,2
"Garnier, Leroy",Sacramento,1,Produce,2
"Kumagai, Gabriel",Greenville,5,Produce,2
"Holdridge, Quade",New York City,5,Produce,2
"Rivera, Thomas",Scranton,2,Produce,2
"al-Farid, Haashid",Akron,2,Produce,2
"al-Bahri, Abdul Ghafoor",New York City,2,Produce,2
"Espinosa, Isabella",Milwaukee,5,Produce,2
"Phenna, Rocky",Alberquerque,3,Produce,2
"Colohan, Garrett",New York City,2,Produce,2
"Griffin, Morgan",Irvine,2,Produce,2
"Mccabe, Robert",Kansas City,2,Produce,2
"Snyder, Melissa",Jersey City,2,Produce,2
"Moua, Naweed",New York City,4,Produce,2
"Parker, Alyssa",New York City,4,Produce,2
"Whiteman, Olivia",Sacramento,3,Produce,2
"Rife, Tyray",New York City,4,Produce,2
"Romero, Jessica",Scranton,2,Produce,2
"Johnson, Katelin",New York City,2,Produce,2
"Lugenbeel, Fredlyn",Milwaukee,5,Produce,2
"Barela-Sandoval, Nancy",New York City,2,Produce,2
"Garcia, Yamilex",New York City,2,Produce,2
"al-Siddique, Tayyib",Sacramento,1,Produce,2
"Saqib, Adam",Milwaukee,3,Produce,2
"Harbert, Janei",Norfolk,2,Produce,2
"Halverson, Mckenzie",Scranton,2,Produce,2
"Siddiqui, Tommy",New York City,2,Produce,2
"Smith, Alexis",New York City,5,Produce,2
"Wang, Guang",New York City,2,Produce,2
"el-Sarah, Zumruda",New York City,2,Produce,2
"Mark, Samantha",Sacramento,5,Produce,2
"Tsegay, Brandon",Orlando,2,Produce,2
"al-Alam, Firdaus",Alberquerque,2,Produce,2
"Gabel, Alexandra",New York City,4,Produce,2
"Mcdowell, Nicole",Scranton,6,Produce,2
"Ortiz, Joshua",Sacramento,1,Produce,2
"al-Baig, Shahaada",Orlando,6,Produce,2
"Garcia, Shaana",New York City,4,Produce,2
"Wallace, Bailey",Irvine,2,Produce,2
"Grainda, Kaylina",New York City,2,Produce,2
"Lucas, Ian",Jersey City,5,Produce,2
"Kim, Jeana",New York City,3,Produce,2
"Hartman, Niki",Portland,1,Produce,2
"Sutliff, Austin",Alberquerque,2,Produce,2
"el-Demian, Safwa",Scranton,2,Produce,2
"Brown, Christopher",Norfolk,5,Produce,2
"Nakai, Alexis",New York City,4,Produce,2
"al-Abdullah, Jaasir",New York City,3,Produce,2
"Harget, Kayla",New York City,5,Produce,2
"al-Aboud, Radiyya",New York City,2,Produce,2
"el-Mansour, Mahdi",New York City,4,Produce,2
"Aguirre, Melissa",Sacramento,2,Produce,2
"Leng, Mattjoo",Scranton,2,Produce,2
"Griffin, Ian",New York City,6,Produce,2
"Chism, Tanisha",New York City,2,Produce,2
"al-Salame, Mahbooba",New York City,4,Produce,2
"Butcher, Kolten",Decatur,4,Produce,2
"Grimm, Thomas",New York City,5,Produce,2
"Sandoval, Ryan",Sacramento,2,Produce,2
"el-Jaffer, Ruqayya",New York City,2,Produce,2
"Kennedy, Paul",New York City,1,Produce,2
"Proctor, Connor",New York City,4,Produce,2
"Frayre Contreras, Cynthia",Alberquerque,4,Produce,2
"Cereceres, Taiyler",Irvine,2,Produce,2
"Marquez, Bryan",New York City,2,Produce,2
"Gonzales, Ian",New York City,2,Produce,2
"Hernandez, Alejandra",Boise,5,Produce,2
"Sebastiani, Brianna",Sacramento,5,Produce,2
"Mclaughlin, Matthew",Sacramento,2,Baby,3
"Sloan, Taylor",Scranton,2,Baby,3
"Roseveare, Isaac",New York City,2,Baby,3
"Norris, Savannah",Norfolk,2,Baby,3
"Donaldson, Armani",Sacramento,3,Baby,3
"Kijprachakorn, Weslie",Harrisburg,2,Baby,3
"Banuelos, Adriana",Greenwich,2,Baby,3
"Sandoval, Ruben",Scranton,2,Baby,3
"al-Neman, Baasim",Boston,2,Baby,3
"Phillips, Alexis",New York City,2,Baby,3
"Hall, Tracee",New York City,2,Baby,3
"Andres, Mark",Scranton,2,Baby,3
"Lor, Kevin",Boston,2,Baby,3
"Bowen, Katharine",Greenwich,2,Baby,3
"al-Akbari, Fawzaana",New York City,2,Baby,3
"Berzins, Angel",Orlando,2,Baby,3
"al-Darwish, Ibtisaama",Norfolk,2,Baby,3
"Rosales, Mattaio",Sacramento,3,Baby,3
"Mills, Janice",Scranton,2,Baby,3
"Xue, Wing",Harrisburg,2,Baby,3
"Sanchez, Antonio",Norfolk,2,Baby,3
"Nelson, Hannah",Boston,3,Baby,3
"al-Odeh, Ayyoob",Galveston,6,Baby,3
"Temple, Deandre",Sacramento,2,Baby,3
"el-Anwar, Naseera",Jersey City,2,Baby,3
"Bell, Travon",New York City,2,Baby,3
"Heller, Allan",New York City,5,Baby,3
"Ainsworth, Danni",Scranton,2,Baby,3
"Woldu, Keiarah",New York City,2,Baby,3
"Ortiz, Joseph",Boston,2,Baby,3
"Zamora, Jesse",Irvine,1,Baby,3
"Dutchie, Rowtinya",Boston,2,Baby,3
"el-Harroun, Raadiya",Kansas City,3,Baby,3
"Carey, April",Sacramento,3,Baby,3
"Williams, Jared",Jersey City,1,Baby,3
"el-Ahmed, Munsif",New York City,2,Baby,3
"Galera, Sasha",Orlando,2,Baby,3
"Ironwing, Tristan",Harrisburg,5,Baby,3
"Danielson, Stevie",Scranton,7,Baby,3
"el-Arafat, Faadi",Irvine,5,Baby,3
"al-Matar, Ariyya",San Antonio,3,Pantry + Non-Perishables,4
"Gutierrez, Jonathan",Boston,3,Pantry + Non-Perishables,4
"Truitt, Jason",Fort Worth,3,Pantry + Non-Perishables,4
"Rickett, Matthew",San Diego,2,Pantry + Non-Perishables,4
"Jackson, Shailah",Norfolk,3,Pantry + Non-Perishables,4
"Enlow, Elizabeth",Kansas City,3,Pantry + Non-Perishables,4
"Arapahoe, Lauren",Decatur,3,Pantry + Non-Perishables,4
"Burnley, Olivia",Galveston,3,Pantry + Non-Perishables,4
"al-Shahidi, Sanaaa",Greenville,3,Pantry + Non-Perishables,4
"Smith, Phoebe",Norfolk,3,Pantry + Non-Perishables,4
"Rin, Cody",Boston,1,Pantry + Non-Perishables,4
"Bennett, Jared",Fort Worth,4,Pantry + Non-Perishables,4
"Lai, Christina",San Antonio,3,Pantry + Non-Perishables,4
"Rhinehart, Eve",New York City,2,Pantry + Non-Perishables,4
"Garcia, Taylor",Fort Worth,2,Pantry + Non-Perishables,4
"Cordova, Henry",Fort Worth,2,Pantry + Non-Perishables,4
"Sherrell, Kyira",Scranton,3,Pantry + Non-Perishables,4
"el-Mansour, Badri",Milwaukee,2,Pantry + Non-Perishables,4
"Deguzman, Benjamin",Fort Worth,2,Pantry + Non-Perishables,4
"Stevens, Dana",Milwaukee,3,Pantry + Non-Perishables,4
"Caples, Luke",Kansas City,2,Pantry + Non-Perishables,4
"Clifton, Nico",Irvine,2,Pantry + Non-Perishables,4
"Deleon, Brianna",Boston,2,Pantry + Non-Perishables,4
"el-Jama, Hafsa",Scranton,3,Pantry + Non-Perishables,4
"el-Reza, Sahla",Norfolk,5,Pantry + Non-Perishables,4
"Torres, Alexander",Greenwich,3,Pantry + Non-Perishables,4
"Musa, Lynn",Harrisburg,3,Pantry + Non-Perishables,4
"Manke, Martha",Boston,5,Pantry + Non-Perishables,4
"Villarreal, Jazmin",Alberquerque,2,Pantry + Non-Perishables,4
"el-Rahimi, Afeef",Milwaukee,5,Pantry + Non-Perishables,4
"Sorrell, Nohelia",Milwaukee,3,Pantry + Non-Perishables,4
"Lor, Sam",Saint Paul,3,Pantry + Non-Perishables,4
"al-Sham, Saafiyya",Milwaukee,3,Pantry + Non-Perishables,4
"Lor, Brendan",Kansas City,3,Pantry + Non-Perishables,4
"Bishop, Dominique",Saint Paul,2,Pantry + Non-Perishables,4
"Apodaca-Anaya, Quintina",Kansas City,3,Pantry + Non-Perishables,4
"el-Farah, Lutfi",Decatur,1,Pantry + Non-Perishables,4
"Caraveo Herrera, Zyul",New York City,2,Pantry + Non-Perishables,4
"Lane, Marissa",Fort Worth,3,Pantry + Non-Perishables,4
"al-Ghaffari, Mumtaaza",Decatur,1,Pantry + Non-Perishables,4
"Litwin, Michael",Decatur,1,Pantry + Non-Perishables,4
"Lopez, Fernando",Greenwich,3,Pantry + Non-Perishables,4
"Acosta, Jennifer",New York City,3,Pantry + Non-Perishables,4
"Sun, Mimi",Fort Worth,2,Pantry + Non-Perishables,4
"Abby, Jazmyn",Des Moines,6,Pantry + Non-Perishables,4
"Hernandez-Mungia, Edgar",Greenville,3,Pantry + Non-Perishables,4
"Smith, Tanaya",Des Moines,3,Pantry + Non-Perishables,4
"Revello, Adail",Milwaukee,3,Pantry + Non-Perishables,4
"Vannavong, Lara",Ann Arbor,3,Pantry + Non-Perishables,4
"Davis, Samba",Harrisburg,3,Pantry + Non-Perishables,4
"Shelton, Tanner",Decatur,1,Pantry + Non-Perishables,4
"Macneal, Dallas",Montgomery,3,Pantry + Non-Perishables,4
"Perez Jr, Francisco",Milwaukee,2,Pantry + Non-Perishables,4
"Guerrero-Argumedo, Brian",Sacramento,5,Pantry + Non-Perishables,4
"Thompson, Kyanna",Alberquerque,2,Pantry + Non-Perishables,4
"el-Zaki, Lutfi",Fort Worth,2,Pantry + Non-Perishables,4
"Yang, Max",Boston,2,Pantry + Non-Perishables,4
"al-Karam, Faaiq",Norfolk,2,Pantry + Non-Perishables,4
"el-Rashid, Irfaan",Milwaukee,3,Pantry + Non-Perishables,4
"Bird, Stephanie",Fort Worth,3,Pantry + Non-Perishables,4
"Jarvis, Jalaka",Alberquerque,3,Pantry + Non-Perishables,4
"al-Yacoub, Kamaaluddeen",Santa Fe,3,Pantry + Non-Perishables,4
"al-Fadel, Zaahid",Boston,2,Pantry + Non-Perishables,4
"Perlas, Robert",Orlando,3,Pantry + Non-Perishables,4
"Naranjo, Isabella",Harrisburg,2,Pantry + Non-Perishables,4
"Reese, Jordyn",Scranton,3,Pantry + Non-Perishables,4
"Sinouansai, Janice",Fort Worth,3,Pantry + Non-Perishables,4
"Coffman, Kenaya",Westchester,6,Pantry + Non-Perishables,4
"Ali, Lexus",Fort Worth,2,Pantry + Non-Perishables,4
"Flores-Caballero, Branden",Fort Worth,2,Pantry + Non-Perishables,4
"el-Hussain, Raaniya",Fort Worth,2,Pantry + Non-Perishables,4
"Walker, Michael",Jersey City,6,Pantry + Non-Perishables,4
"Olson, Christie",Saint Paul,3,Pantry + Non-Perishables,4
"el-Farooqui, Fikra",Sacramento,3,Pantry + Non-Perishables,4
"Qiu, Justin",Kansas City,3,Pantry + Non-Perishables,4
"Juan, Justin",Kansas City,3,Pantry + Non-Perishables,4
"al-Zaidi, Haniyya",Greenville,1,Pantry + Non-Perishables,4
"Pak, Lauryn",Greenwich,2,Pantry + Non-Perishables,4
"Gall, Julie",Jersey City,3,Pantry + Non-Perishables,4
"Larson, Jordan",Milwaukee,2,Pantry + Non-Perishables,4
"Hoover, Brian",Westchester,2,Pantry + Non-Perishables,4
"Wall, Kayla",Jersey City,3,Pantry + Non-Perishables,4
"Anderson, Kion",Portland,1,Pantry + Non-Perishables,4
"Whitebull-Delgado, Sunsiarae",Des Moines,3,Pantry + Non-Perishables,4
"Shackelford, Whitney",Fort Worth,2,Pantry + Non-Perishables,4
"Lynn, Angelo",Fort Worth,2,Pantry + Non-Perishables,4
"Beck, Brandon",Milwaukee,3,Pantry + Non-Perishables,4
"Simon, Kavita",Galveston,3,Pantry + Non-Perishables,4
"Schlegel, Lindsey",Akron,3,Pantry + Non-Perishables,4
"Lewis, Anisa",San Antonio,5,Pantry + Non-Perishables,4
"Terrell, David",Milwaukee,1,Pantry + Non-Perishables,4
"Cano, Jacquelin",Cincinatti,1,Pantry + Non-Perishables,4
"Suarez Martinez, Demetrius",Spokane,3,Pantry + Non-Perishables,4
"el-Hussain, Saalih",Westchester,3,Pantry + Non-Perishables,4
"Garcia, Ricardo",Sacramento,2,Pantry + Non-Perishables,4
"Ngu, Andrew",San Antonio,3,Pantry + Non-Perishables,4
"Coffman, Martin",Decatur,3,Pantry + Non-Perishables,4
"el-Jaber, Fat'hiyaa",Kansas City,1,Pantry + Non-Perishables,4
"Pollock, Connor",Irvine,1,Pantry + Non-Perishables,4
"Apted, Aayush",Scranton,3,Pantry + Non-Perishables,4
"Lewis, Sydney",Irvine,2,Pantry + Non-Perishables,4
"Langston, Tyrae",Irvine,2,Pantry + Non-Perishables,4
"Crowley, Asia",Alberquerque,3,Pantry + Non-Perishables,4
"el-Abed, Hissa",New York City,2,Pantry + Non-Perishables,4
"Alvarez-Martinon, Heriberto",Fort Worth,2,Pantry + Non-Perishables,4
"Williams, Quinten",Harrisburg,6,Pantry + Non-Perishables,4
"Jenkins, Mauriel",Fort Worth,1,Pantry + Non-Perishables,4
"al-Can, Mansoor",Fort Worth,3,Pantry + Non-Perishables,4
"Ortega, Brandon",Boston,2,Pantry + Non-Perishables,4
"Landucci, Ashley",Montgomery,3,Pantry + Non-Perishables,4
"al-Nassif, Haazim",Orlando,3,Pantry + Non-Perishables,4
"Gordon, Lucas",Greenwich,1,Pantry + Non-Perishables,4
"Knighten, Ashanafe",Greenville,1,Pantry + Non-Perishables,4
"Lee, Sam",Greenwich,1,Pantry + Non-Perishables,4
"Weston, Kyle",Fort Worth,2,Pantry + Non-Perishables,4
"Wisham, Addam",Jersey City,5,Pantry + Non-Perishables,4
"Minter, Yekalo",Fort Worth,2,Pantry + Non-Perishables,4
"Collins, Jordan",Fort Worth,2,Pantry + Non-Perishables,4
"Etzenhouser, Payne",Saint Paul,2,Pantry + Non-Perishables,4
"Lack, Erin",Greenville,3,Pantry + Non-Perishables,4
"el-Khatib, Daamir",Scranton,3,Pantry + Non-Perishables,4
"Tran, Sharon",Sacramento,2,Pantry + Non-Perishables,4
"Little, James",Kansas City,3,Pantry + Non-Perishables,4
"Thompson, Raegan",Spokane,3,Pantry + Non-Perishables,4
"al-Nasrallah, Sulaimaan",Galveston,3,Pantry + Non-Perishables,4
"Polk, James",Greenwich,3,Pantry + Non-Perishables,4
"Riefstahl, Katherine",Fort Worth,2,Pantry + Non-Perishables,4
"Jackson, Sade",Scranton,3,Pantry + Non-Perishables,4
"Kim, Alimansar",Boston,2,Pantry + Non-Perishables,4
"Garcia, Austin",New York City,2,Pantry + Non-Perishables,4
"Drozdowski, Richard",Decatur,3,Pantry + Non-Perishables,4
"Jensen, Angelo",Greenwich,3,Pantry + Non-Perishables,4
"Leal-Lopez, Shauntasia",Fort Worth,1,Pantry + Non-Perishables,4
"el-Hafeez, Rafeeda",Fort Worth,6,Pantry + Non-Perishables,4
"Heilman, Sharah",Jersey City,5,Pantry + Non-Perishables,4
"Williams, Kijana",Cincinatti,3,Pantry + Non-Perishables,4
"Bullock, Kayla",Ann Arbor,1,Pantry + Non-Perishables,4
"Iron Cloud, Kayla",Scranton,2,Pantry + Non-Perishables,4
"Kim, Joseph",Des Moines,3,Pantry + Non-Perishables,4
"al-Ashraf, Daleel",Fort Worth,3,Pantry + Non-Perishables,4
"White, Dominick",Fort Worth,3,Pantry + Non-Perishables,4
"Hulstrom, Quadayzia",Greenwich,3,Pantry + Non-Perishables,4
"Leon, David",Fort Worth,3,Pantry + Non-Perishables,4
"Davis, Keyonna",Decatur,3,Pantry + Non-Perishables,4
"Gibbs, De Ja",Sacramento,3,Pantry + Non-Perishables,4
"Lee, Qin Qin",Fort Worth,2,Pantry + Non-Perishables,4
"Larry, Sirdushene",Jersey City,3,Pantry + Non-Perishables,4
"Sweetwater, Jordan",New York City,1,Pantry + Non-Perishables,4
"Lee, Linda",Des Moines,3,Pantry + Non-Perishables,4
"Schonher, Katie",Fort Worth,3,Pantry + Non-Perishables,4
"Mccay, Colby",New York City,6,Pantry + Non-Perishables,4
"Sater, Aaneer",Harrisburg,3,Pantry + Non-Perishables,4
"Kane, Timothy",New York City,3,Pantry + Non-Perishables,4
"Nordby, Christian",Milwaukee,2,Pantry + Non-Perishables,4
"Nguyen, Hanna",Galveston,3,Pantry + Non-Perishables,4
"Wilson, Monique",Fort Worth,3,Pantry + Non-Perishables,4
"Zabalza, Maria",Ann Arbor,6,Pantry + Non-Perishables,4
"Strasburger, Andrea",Fort Worth,3,Pantry + Non-Perishables,4
"el-Momin, Burhaan",Boston,2,Pantry + Non-Perishables,4
"Wilson, Emma",San Diego,3,Pantry + Non-Perishables,4
"Houston, Gladys",Harrisburg,3,Pantry + Non-Perishables,4
"Adams, Marina",Norfolk,3,Pantry + Non-Perishables,4
"Williams, Nathan",Westchester,3,Pantry + Non-Perishables,4
"Warren, Brianna",Milwaukee,6,Pantry + Non-Perishables,4
"Gonzalez, Kilikina",Fort Worth,2,Pantry + Non-Perishables,4
"el-Lodi, Nabeeha",Milwaukee,3,Pantry + Non-Perishables,4
"Lehi, Kirsten",Kansas City,2,Pantry + Non-Perishables,4
"Silverston, Michaela",Fort Worth,3,Pantry + Non-Perishables,4
"Johnson, Darrin",Norfolk,2,Pantry + Non-Perishables,4
"Navajo, Sage",Milwaukee,4,Pantry + Non-Perishables,4
"Smith, Jensen",New York City,2,Pantry + Non-Perishables,4
"Brutout, Cody",San Antonio,3,Pantry + Non-Perishables,4
"el-Turay, Lutfiyya",Decatur,3,Pantry + Non-Perishables,4
"Nguyen, Amy",Fort Worth,2,Pantry + Non-Perishables,4
"al-Shehadeh, Haakima",Decatur,6,Pantry + Non-Perishables,4
"el-Ghazi, Saajid",Fort Worth,3,Pantry + Non-Perishables,4
"Cly, Shawn",Irvine,5,Pantry + Non-Perishables,4
"el-Kaiser, Sulama",Galveston,3,Pantry + Non-Perishables,4
"Gonzalez, Francisco",Norfolk,2,Pantry + Non-Perishables,4
"el-Gad, Zahra",Alberquerque,2,Pantry + Non-Perishables,4
"Percell, Joshua",Portland,5,Pantry + Non-Perishables,4
"Trevizo Ortiz, Cassandra",Milwaukee,2,Pantry + Non-Perishables,4
"Cambigue, Keegan",Milwaukee,3,Pantry + Non-Perishables,4
"Johnson, Avey",Galveston,3,Pantry + Non-Perishables,4
"Aguilar, Miranda",Fort Worth,2,Pantry + Non-Perishables,4
"al-Yassin, Tamanna",Cincinatti,3,Pantry + Non-Perishables,4
"English, Jazmine",New York City,6,Pantry + Non-Perishables,4
"el-Nazar, Akram",Scranton,3,Pantry + Non-Perishables,4
"Mosher, Blake",Decatur,4,Pantry + Non-Perishables,4
"Lynn, Lauren",Alberquerque,3,Pantry + Non-Perishables,4
"Abram, Haylee",Spokane,3,Pantry + Non-Perishables,4
"Hernandez, Gabriela",New York City,2,Pantry + Non-Perishables,4
"Wilbon, Rodney",Milwaukee,3,Pantry + Non-Perishables,4
"Young, Spencer",Fort Worth,3,Pantry + Non-Perishables,4
"Salaz, Mariah",Norfolk,3,Pantry + Non-Perishables,4
"Sifuentes, Dmitri",Milwaukee,6,Pantry + Non-Perishables,4
"Serrano Cano, Jamecia",New York City,2,Beverages,5
"al-Mustafa, Aatif",Akron,1,Beverages,5
"Leshchinskaya, Justina",Jersey City,1,Beverages,5
"Juarez, Bianca",Scranton,1,Beverages,5
"Burdick, Tysza",Decatur,1,Beverages,5
"Lacy, Justin",Jersey City,6,Beverages,5
"Ishizuki, Gurjot",Irvine,1,Beverages,5
"Mansurabadi, Donovan",Decatur,1,Beverages,5
"Palma, Carmen",Kansas City,1,Beverages,5
"Yang, Dominic",Milwaukee,3,Beverages,5
"Curtis, Charles",Sacramento,1,Beverages,5
"Becerra, Joshua",Norfolk,1,Beverages,5
"Meza, Alejandra",Orlando,3,Beverages,5
"Weincek, Zack",Orlando,3,Beverages,5
"Griffith, Reed",Orlando,1,Beverages,5
"Groesbeck, Kimberly",Boston,3,Beverages,5
"Bartlett, Katie",Kansas City,3,Beverages,5
"Fay, Paige",San Antonio,1,Beverages,5
"el-Akbari, Labeeb",Santa Fe,1,Beverages,5
"Alaniz, Juan",Milwaukee,1,Beverages,5
"Brunt, Erik",Decatur,1,Beverages,5
"al-El-Sayed, Mubaaraka",Decatur,1,Beverages,5
"al-Obeid, Zulfa",Greenwich,2,Beverages,5
"Gustafson, Brandyn",Milwaukee,3,Beverages,5
"Naple, Michael",New York City,1,Beverages,5
"Dubus, Xavier",New York City,1,Beverages,5
"Todd, Caley",Decatur,1,Beverages,5
"Morin, Mitchell",Boston,1,Beverages,5
"Ng, Shayla",Milwaukee,6,Beverages,5
"Smith, Tyler",Jersey City,1,Beverages,5
"Iu, Cody",Milwaukee,3,Beverages,5
"Gonzales, Jessica",Orlando,3,Beverages,5
"Kuge, Girishkumar",Jersey City,1,Beverages,5
"Running-Rabbit, Michelle",New York City,6,Beverages,5
"al-Massoud, Aasim",Saint Paul,6,Beverages,5
"Begaye, Sierra",Milwaukee,3,Beverages,5
"al-Younis, Zaghlool",Kansas City,3,Beverages,5
"Arguello, Bayla",Boston,3,Beverages,5
"Orgler, T'Aunsanae",Greenwich,3,Beverages,5
"Robinson, Brianna",Milwaukee,3,Beverages,5
"Doyle, Jordan",Decatur,1,Beverages,5
"Parton, Jonathan",New York City,3,Beverages,5
"Alvarez-Martinon, Jesenia",Orlando,1,Beverages,5
"Kida, Jui-Chun",Milwaukee,1,Beverages,5
"Reed, Ronisha",Akron,1,Beverages,5
"Cranfill, Travon",Scranton,1,Beverages,5
"Nicks, Nicola",Milwaukee,1,Beverages,5
"Valle, Elena",New York City,1,Beverages,5
"Park, Emma",Decatur,2,Beverages,5
"Vasquez, Kelly",Milwaukee,2,Beverages,5
"Basquez, Alicia",Harrisburg,6,Beverages,5
"Jones Jr, Lauren",Boston,3,Beverages,5
"Mestas, Tristan",Saint Paul,3,Beverages,5
"Weaver, Steven",New York City,1,Beverages,5
"Elliott, Dakota",Ann Arbor,1,Beverages,5
"Jones, Savannah",Decatur,1,Beverages,5
"Snow, Catherine",Milwaukee,3,Beverages,5
"Musso, Justin",Orlando,3,Beverages,5
"Valdez, Angel",San Antonio,1,Beverages,5
"Otey, Jordan",Boston,1,Beverages,5
"Kaufman, Cody",Jersey City,2,Beverages,5
"Cummings, Denise",Jersey City,2,Beverages,5
"Young, Ashleigh",Milwaukee,1,Beverages,5
"Perry, Shay",Milwaukee,3,Beverages,5
"Brickens, Olivia",Cincinatti,3,Beverages,5
"Hubbard, Philip",Saint Paul,1,Beverages,5
"el-Omer, Mishaari",Jersey City,2,Beverages,5
"Thorpe, Jordan",New York City,2,Beverages,5
"Young, John",Cincinatti,3,Beverages,5
"el-Momin, Shaakir",Decatur,3,Beverages,5
"al-Ishmael, Radwa",San Antonio,1,Beverages,5
"Doolittle, Annie",Scranton,2,Beverages,5
"Turner, Tah'Kalah",Harrisburg,1,Beverages,5
"al-Vaziri, Rayyaan",Jersey City,3,Beverages,5
"el-Atallah, Akram",Greenville,1,Beverages,5
"Plane, Devin",Decatur,3,Beverages,5
"Taylor, Cochise",Saint Paul,2,Beverages,5
"Elwood, Kenneth",Saint Paul,1,Beverages,5
"Roda, Randy",Boston,1,Beverages,5
"Matuszak, Sarah",Alberquerque,3,Beverages,5
"el-Javid, Sabaaha",Norfolk,3,Beverages,5
"Hasegawa, Akiyoshi",Boston,1,Beverages,5
"Ramirez Banuelos, Bianca",Boston,1,Beverages,5
"Iron Cloud-Gresko, Bradford",San Antonio,1,Beverages,5
"Harrison, Kelley",Decatur,5,Beverages,5
"Quintana, Laura",San Antonio,1,Beverages,5
"Fiddelke, Natalie",San Antonio,1,Beverages,5
"Belmont, Alex",Milwaukee,3,Beverages,5
"Conway, London",New York City,1,Beverages,5
"Dickinson, Chimi",Greenwich,1,Beverages,5
"Durham, Jerianne",Jersey City,2,Beverages,5
"Zahir, Sunya",Decatur,3,Beverages,5
"Leist, Brooke",Jersey City,1,Beverages,5
"Rodasta, Jessica",Milwaukee,3,Beverages,5
"Hoang, Alexander",Decatur,6,Beverages,5
"Byrnes, Destinee",Sacramento,3,Beverages,5
"Cordova, Randolph",Saint Paul,1,Beverages,5
"Hut, Brandon",Decatur,1,Beverages,5
"Rodriguez, Maria",Milwaukee,1,Beverages,5
"Smith, Chinau",Greenville,1,Beverages,5
"Nelson, Jonte",Jersey City,6,Beverages,5
"Williams, Dante",Greenwich,3,Beverages,5
"Divecchia, Kimberly",Orlando,3,Beverages,5
"Contreras, Ariana",Irvine,6,Beverages,5
"Jones, Madison",Norfolk,1,Beverages,5
"Hamner, Ashlee",Orlando,3,Beverages,5
"Nava, Phillip",Sacramento,1,Beverages,5
"Horton, Alura",Greenwich,1,Beverages,5
"el-Majid, Shakoora",Boston,1,Beverages,5
"Gutierrez-Ramirez, Carina",San Antonio,3,Beverages,5
"Cheung, Yuvorn",Alberquerque,1,Beverages,5
"Medina, Sabastian",Milwaukee,2,Beverages,5
"Claypool, Jordan",Orlando,3,Beverages,5
"Hedberg, Jennifer",Jersey City,1,Beverages,5
"Jackson, Robert",Alberquerque,1,Beverages,5
"Lara-Rodriguez, Steven",Kansas City,3,Beverages,5
"Barela, Jackie",New York City,2,Beverages,5
"Yonkaitis, Victoria",Alberquerque,1,Beverages,5
"Yamashita, Emma",San Diego,3,Beverages,5
"Barela, Jamie Lee",Jersey City,1,Beverages,5
"Jones, Cade",Sacramento,3,Beverages,5
"Grossetete, Dilan",Alberquerque,1,Beverages,5
"el-Shehata, Ameer",Milwaukee,3,Beverages,5
"Barkey, Jayna",Decatur,3,Beverages,5
"Mixon, Breanna",Boston,1,Beverages,5
"Swedell, Cassandra",Orlando,3,Beverages,5
"Boyd, Brandon",Alberquerque,2,Beverages,5
"Salinas, Christian",Jersey City,1,Beverages,5
"el-Shahid, Maahir",Boston,1,Canned Goods + Soups,6
"Cordova, Yuri",Greenwich,1,Canned Goods + Soups,6
"Jimenez, Gabriel",Decatur,3,Canned Goods + Soups,6
"al-Khalaf, Wajeeh",Decatur,3,Canned Goods + Soups,6
"Parmiter, Matthew",Montgomery,3,Canned Goods + Soups,6
"Aguilera, Xavier",Milwaukee,5,Canned Goods + Soups,6
"Qi, Ruth",Milwaukee,3,Canned Goods + Soups,6
"el-Sulaiman, Jameela",Orlando,3,Canned Goods + Soups,6
"Woody, Angela",Kansas City,3,Canned Goods + Soups,6
"Gandy, Austin",Boston,2,Canned Goods + Soups,6
"Snowhawk, Brandon",Sacramento,2,Canned Goods + Soups,6
"Amelkin, Lucas",Decatur,3,Canned Goods + Soups,6
"Massey, Tyler",Decatur,1,Canned Goods + Soups,6
"Larsen, Alex",Decatur,1,Canned Goods + Soups,6
"Sisneros, Jacob",San Antonio,3,Canned Goods + Soups,6
"el-Bangura, Taqiyya",Decatur,1,Canned Goods + Soups,6
"Williams, Kiara",Milwaukee,3,Canned Goods + Soups,6
"Usry, John",Boston,2,Canned Goods + Soups,6
"el-Siddique, Shahaama",Milwaukee,3,Canned Goods + Soups,6
"Williams, Benjamin",New York City,1,Canned Goods + Soups,6
"Mock, Geniveve",Decatur,1,Canned Goods + Soups,6
"Jones, Cassidy",Milwaukee,3,Canned Goods + Soups,6
"Tucker, Courtney",San Antonio,3,Canned Goods + Soups,6
"Cereceres, Jay",Milwaukee,3,Canned Goods + Soups,6
"Pace, Justin",Decatur,3,Canned Goods + Soups,6
"Johnson, Parker",Decatur,3,Canned Goods + Soups,6
"Benitez-Reyes, Christopher",Ann Arbor,3,Canned Goods + Soups,6
"el-Ashraf, Humaira",Norfolk,6,Canned Goods + Soups,6
"el-Jan, Mahmooda",Decatur,1,Canned Goods + Soups,6
"Bustos, Tony",San Antonio,1,Canned Goods + Soups,6
"Woodrum, Christopher",San Antonio,3,Canned Goods + Soups,6
"Xanoubane, Alexandra",Decatur,1,Canned Goods + Soups,6
"Archuleta III, Joshua",San Antonio,1,Canned Goods + Soups,6
"Molock-Sanders, Eustace",Galveston,3,Canned Goods + Soups,6
"Ortiz, Karen",San Antonio,3,Canned Goods + Soups,6
"Hamlet, Richard",Decatur,1,Canned Goods + Soups,6
"Russell, Aaron",Kansas City,3,Canned Goods + Soups,6
"Acosta, Ana",San Antonio,3,Canned Goods + Soups,6
"Armijo, Edgar",San Antonio,3,Canned Goods + Soups,6
"Draper, Hannah",Alberquerque,2,Canned Goods + Soups,6
"Wagoner, Joshua",San Antonio,2,Canned Goods + Soups,6
"Romero, Maria",Sacramento,3,Frozen Foods,7
"al-Nouri, Firdaus",Kansas City,3,Frozen Foods,7
"Hoang, Cameron",Sacramento,3,Frozen Foods,7
"Sewald, Jason",Scranton,2,Frozen Foods,7
"Rainey, Mariah",New York City,5,Frozen Foods,7
"Jones, Connor",Greenwich,3,Frozen Foods,7
"el-Abood, Hissa",San Antonio,3,Frozen Foods,7
"Mendez-Soto, Jared",Galveston,2,Frozen Foods,7
"el-Rashed, Yusri",Sacramento,2,Frozen Foods,7
"Jacket, Brianna",Kansas City,3,Frozen Foods,7
"Brown, Mollie",Milwaukee,3,Frozen Foods,7
"Nunez, Erick",Portland,2,Frozen Foods,7
"Cloud, Lauren",Harrisburg,3,Frozen Foods,7
"al-Abdelrahman, Mahdeeya",Milwaukee,3,Frozen Foods,7
"al-Omer, Faadi",Sacramento,3,Frozen Foods,7
"Madrid, Alberto",Norfolk,6,Frozen Foods,7
"Widlund, Adrienne",Milwaukee,2,Frozen Foods,7
"Simmons, Quincy",New York City,3,Frozen Foods,7
"Schaller, Karl",Milwaukee,3,Frozen Foods,7
"Young, Keahna",San Diego,3,Frozen Foods,7
"Smith, Chance",New York City,2,Frozen Foods,7
"el-Radwan, Hanaaa",Greenwich,2,Frozen Foods,7
"Andrews, Carmen",Milwaukee,1,Frozen Foods,7
"el-Abdella, Kaarim",Orlando,3,Frozen Foods,7
"al-Tamer, Kamaaluddeen",Sacramento,3,Frozen Foods,7
"Jordan, Shauntaul",Ann Arbor,3,Frozen Foods,7
"Stone, Ravindra",San Diego,2,Frozen Foods,7
"Alford, Emoni",New York City,2,Frozen Foods,7
"al-Azer, Warda",Ann Arbor,3,Frozen Foods,7
"al-Nour, Jihaad",Irvine,3,Frozen Foods,7
"Staples, Brian",New York City,6,Frozen Foods,7
"Sampson, Nicholas",Scranton,1,Frozen Foods,7
"Sarsam, Michael",Kansas City,3,Frozen Foods,7
"Soto, Dashae",Jersey City,3,Frozen Foods,7
"al-Siddiqi, Raabia",New York City,3,Frozen Foods,7
"Copeland, Joseph",Portland,3,Frozen Foods,7
"Barcenas-Ibarra, Alexandro",Fort Worth,2,Frozen Foods,7
"Jones, Jordan",New York City,2,Frozen Foods,7
"Babcock, Brittany",Sacramento,3,Frozen Foods,7
"Evans, Christian",Ann Arbor,3,Frozen Foods,7
"Winbush, Kellie",Harrisburg,3,Frozen Foods,7
"Lindauer, Ariyelle",Scranton,2,Frozen Foods,7
"Quinnie, Edward",New York City,3,Frozen Foods,7
"Hintz, Casey",New York City,2,Frozen Foods,7
"Nobraid, Shawn",Westchester,3,Frozen Foods,7
"el-Firman, Ghaazi",San Diego,3,Frozen Foods,7
"King, Ryan",Milwaukee,3,Frozen Foods,7
"Hernandez, Alberto",Ann Arbor,3,Frozen Foods,7
"Tusay, Megan",Norfolk,3,Frozen Foods,7
"Braun, Gabrielle",Ann Arbor,3,Frozen Foods,7
"Wallace, Tyler",San Antonio,3,Frozen Foods,7
"el-Bashir, Zayyaan",Decatur,3,Frozen Foods,7
"Sinaloa, Eli",San Antonio,3,Frozen Foods,7
"Nadiadi, Samantha",Boston,3,Frozen Foods,7
"Bailey, Jamee",Ann Arbor,3,Frozen Foods,7
"Cox, Sky",Greenwich,3,Frozen Foods,7
"Pacheco, Matia",New York City,6,Frozen Foods,7
"al-Samaan, Ayyoob",Greenwich,1,Frozen Foods,7
"O'Connor, Deidra",Orlando,3,Frozen Foods,7
"al-Farid, Muhyddeen",Ann Arbor,3,Frozen Foods,7
"Martinez, Taraleah",Orlando,3,Frozen Foods,7
"el-Noori, Hudhaifa",Milwaukee,2,Frozen Foods,7
"Fuentes, Hector",New York City,2,Frozen Foods,7
"Flores Diaz, Melissa",New York City,3,Frozen Foods,7
"Ellis, Rito",Greenwich,3,Frozen Foods,7
"Martinez, Nicole",Milwaukee,2,Frozen Foods,7
"Bundy, Christoffer",Milwaukee,2,Frozen Foods,7
"Ransom, Mequila",Norfolk,1,Frozen Foods,7
"Schweitzer, Ashley",San Diego,3,Frozen Foods,7
"Wright, Evan",Greenwich,2,Frozen Foods,7
"Campana, Elizabeth",Milwaukee,3,Frozen Foods,7
"Tran, Akshat",Norfolk,2,Frozen Foods,7
"Tunnell, Alexah",Norfolk,3,Frozen Foods,7
"Mason, Angel",Ann Arbor,3,Frozen Foods,7
"Moton, Sha-Rheya",San Diego,3,Frozen Foods,7
"Baria, Yajaira",Boston,3,Frozen Foods,7
"Nieto, Agustine",San Diego,3,Frozen Foods,7
"Hardin, Julian",Ann Arbor,3,Frozen Foods,7
"Coakley, Jared",Sacramento,3,Frozen Foods,7
"Drury-Parlett, Alex",Boston,3,Frozen Foods,7
"al-Mitri, Safwa",New York City,2,Frozen Foods,7
"Shaw, De Jilon",Norfolk,6,Frozen Foods,7
"Liberto, Dillon",New York City,3,Frozen Foods,7
"Lapaz, Tazz",Westchester,1,Frozen Foods,7
"Son, Xia",Milwaukee,3,Frozen Foods,7
"Robinson, Dylon",Irvine,3,Frozen Foods,7
"Jordan, Ciera",Irvine,3,Frozen Foods,7
"Grohman, Shelby",Jersey City,2,Frozen Foods,7
"Neal, Beauty",Milwaukee,3,Frozen Foods,7
"Rizvi, Anirudh",Orlando,5,Frozen Foods,7
"Lopez, Julia",Decatur,7+,Flowers,8
"Peppo, Kevin",Albany,7+,Flowers,8
"Ball, Jacob",New York City,7+,Flowers,8
"Gutierrez, Michelle",Albany,7+,Flowers,8
"al-Meskin, Khulood",Sacramento,7+,Flowers,8
"Mead, John-Wesley",New York City,7+,Flowers,8
"Duran, Kyra",Sacramento,7+,Flowers,8
"Mcmaster, Judah",Galveston,7+,Flowers,8
"Miranda, Cyndee",Sacramento,7+,Flowers,8
"King, Tyler",Sacramento,1,Household Products,9
"al-Zaki, Taqiyya",Sacramento,1,Household Products,9
"Jackson, Ellen",San Diego,2,Household Products,9
"Rosser, Jay",Sacramento,2,Household Products,9
"Boll, Jeffery",New York City,1,Household Products,9
"al-Mohammad, Taaj",Orlando,1,Household Products,9
"al-Hamad, Tufail",Boston,3,Household Products,9
"Valdo, Brandi",Decatur,5,Household Products,9
"el-Hanif, Shafee'a",Boston,5,Household Products,9
"Saling, Shawn",New York City,2,Household Products,9
"Jumpe, Blake",Saint Paul,2,Household Products,9
"Sims, Alexandrea",Sacramento,3,Household Products,9
"Victorino, Meghana",New York City,3,Household Products,9
"Moore, Damarius",San Diego,3,Household Products,9
"Champine, Cody",Kansas City,1,Household Products,9
"Rudebusch, Nathan",New York City,2,Household Products,9
"Her, Avery",San Diego,5,Household Products,9
"An, William",Sacramento,1,Household Products,9
"al-Dada, Saahira",Portland,1,Household Products,9
"Lung, Eileen",New York City,6,Household Products,9
"Abdalla, Devonna",New York City,2,Household Products,9
"al-Ismail, Furqaan",Orlando,3,Household Products,9
"Gonzalez, David",Boston,3,Household Products,9
"Tyler, Asia",Fort Worth,2,Household Products,9
"Rivera, Souvany",Orlando,2,Household Products,9
"el-Allee, Nizaam",Decatur,5,Household Products,9
"Smith, Julia",San Diego,2,Household Products,9
"Craig, Ladon",Decatur,1,Household Products,9
"Herrera, Heaven",Norfolk,2,Household Products,9
"Skof, Mckenzie",Harrisburg,3,Household Products,9
"Humrich, Zeriah",Decatur,1,Household Products,9
"Kishiyama, Paul",Sacramento,1,Household Products,9
"Thompson, Tylor",San Diego,2,Household Products,9
"Van Zee, Yusuf",New York City,1,Household Products,9
"Gutierrez, Jay",Westchester,5,Household Products,9
"Cerenil, Jerrica",New York City,1,Household Products,9
"Loughridge, Jesse",Decatur,3,Household Products,9
"Alger, Kincaid",New York City,5,Household Products,9
"Gates, Rachel",Milwaukee,5,Household Products,9
"Fischer, Megan",Sacramento,2,Household Products,9
"Santiago, Christopher",New York City,1,Household Products,9
"al-Shahidi, Muneera",San Diego,5,Household Products,9
"el-Jafari, Jannat",Boston,6,Household Products,9
"Najera, Steve",Sacramento,2,Household Products,9
"Espinosa Ramirez, Jesus",San Diego,5,Household Products,9
"Chanthavongsa, Emily",Cincinatti,3,Household Products,9
"Woody, Caleb",New York City,1,Household Products,9
"Yazzie, Jakob",New York City,2,Household Products,9
"Hodges, Lamont",San Antonio,1,Household Products,9
"Lopez-Silerio, Elijah",San Diego,5,Household Products,9
"Jenkins, Bradley",San Antonio,2,Household Products,9
"al-Karim, Aadila",Sacramento,1,Household Products,9
"Contreras, Alicia",Scranton,3,Household Products,9
"Cohen-Wilson, Nataya",San Diego,1,Household Products,9
"Torres, Che",Milwaukee,2,Household Products,9
"al-Tamer, Mawhiba",San Diego,1,Household Products,9
"Chang, Julian",Sacramento,1,Household Products,9
"Fair, Jalisa",Greenwich,1,Household Products,9
"Carrillo, Soledad",San Diego,5,Household Products,9
"Kikuchi, Nicole",Milwaukee,2,Household Products,9
"Barron, Kindra",Decatur,1,Household Products,9
"al-Zakaria, Waseema",San Antonio,2,Household Products,9
"Evans, Nahom",Greenwich,1,Household Products,9
"al-Tariq, Ulyaa",Jersey City,2,Household Products,9
"Hayutin, Jordan",New York City,2,Household Products,9
"Tewolde, Mikhal",San Diego,1,Household Products,9
"Blanton, Sunshine",San Diego,2,Household Products,9
"Dobbs, Jacob",Orlando,1,Household Products,9
"Martinez, Kelsey",Scranton,1,Household Products,9
"Ueji, Tobby",Sacramento,1,Household Products,9
"Siriwalothakul, Andrew",New York City,2,Household Products,9
"Castillo, Brenda",New York City,1,Household Products,9
"Lewis, Saygbechee",Jersey City,3,Household Products,9
"el-Huq, Waseema",Decatur,3,Household Products,9
"Flores, Jesus",New York City,1,Household Products,9
"Quezada, John",New York City,2,Household Products,9
"Rivera, Jakob",New York City,2,Household Products,9
"Hayes-Joshua, Trei'Vonne",Jersey City,3,Household Products,9
"el-Farag, Minnah",New York City,5,Household Products,9
"Stogsdill IV, Ethan",Irvine,1,Household Products,9
"Cobarrubias, William",San Diego,2,Household Products,9
"Sanchez, Llanely",Decatur,1,Household Products,9
"Vien, Hunter",Fort Worth,5,Household Products,9
"al-Can, Faalih",San Diego,1,Household Products,9
"Snyder, Tyler",New York City,2,Household Products,9
"Reuter, Mary",Boston,1,Household Products,9
"Hysell, Evie",San Diego,3,Household Products,9
"al-Jabbar, Maahir",New York City,2,Household Products,9
"Blanco, Ace",Jersey City,2,Household Products,9
"Jackson, Imani",Sacramento,1,Household Products,9
"Casias, Anastasia",San Diego,5,Household Products,9
"Alferos, Liana",Portland,1,Household Products,9
"Porter, Jade",Sacramento,2,Household Products,9
"Verbonitz, Connie",Irvine,1,Household Products,9
"al-Chahine, Raabiya",Sacramento,1,Household Products,9
"al-Shaheed, Haala",Sacramento,2,Household Products,9
"Nguyen, Samantha",Decatur,3,Household Products,9
"al-Sharif, Raafida",New York City,5,Household Products,9
"Goens, Jurnee",Portland,2,Household Products,9
"Campbell, Sharon",Kansas City,1,Household Products,9
"Stebbins, Adel",Greenville,2,Household Products,9
"Kleinkopf, Shadae Lisette",Greenville,3,Household Products,9
"Garrett, Kayla",Jersey City,2,Household Products,9
"West, Joseph",New York City,2,Household Products,9
"Wong, Irena",San Diego,2,Household Products,9
"May, Randy",New York City,2,Household Products,9
"Brown, Bria",Alberquerque,2,Household Products,9
"Galvan, Luis",New York City,1,Household Products,9
"Morris, Mattiea",Jersey City,5,Household Products,9
"Flores Benitez, Teresa",New York City,2,Household Products,9
"Modi, Marielle",Irvine,1,Household Products,9
"Ishizuki, Vincent",Irvine,5,Household Products,9
"al-Hallal, Haani",New York City,1,Household Products,9
"Carrillo, Mario",San Diego,2,Household Products,9
"el-Qazi, Hanoona",Portland,3,Household Products,9
"al-Malak, Nahla",Sacramento,1,Household Products,9
"Tavares Gomes, Marcus",San Antonio,5,Household Products,9
"Griego, Jadon",San Diego,2,Household Products,9
"Caruso, Kayla",San Diego,2,Household Products,9
"Burton, Kedrick",San Diego,1,Household Products,9
"Vongphackdy, Amanda",San Diego,5,Household Products,9
"Clark, Kayla",Portland,5,Household Products,9
"Allen, April",Sacramento,2,Household Products,9
"Davis, Rio",New York City,3,Household Products,9
"Ellis, Gavin",Greenville,2,Household Products,9
"Tripathi, Horatio",Milwaukee,5,Household Products,9
"Thorne, Zakkary",Saint Paul,2,Household Products,9
"Maldonado, Alan",Irvine,1,Household Products,9
"Holland, Ryan",New York City,3,Household Products,9
"al-Rad, Kulthum",Norfolk,6,Household Products,9
"al-Sheikh, Mahmood",New York City,2,Meat + Seafood,10
"Miller, Michael",New York City,6,Meat + Seafood,10
"Trudell, Alek",Greenville,3,Meat + Seafood,10
"Montano, Kristen",Boston,3,Meat + Seafood,10
"Herndon, Lawrence",Norfolk,6,Meat + Seafood,10
"Thompson, Skylar",Boston,1,Meat + Seafood,10
"Miales, Ariel",Jersey City,2,Meat + Seafood,10
"Ottosen, Jessica",Boston,2,Meat + Seafood,10
"Montoya, Teshia",Jersey City,3,Meat + Seafood,10
"Natonabah, Naiessynce",New York City,2,Meat + Seafood,10
"Estrada, Alexandrea",Sacramento,2,Meat + Seafood,10
"Harkay, Benjamin",Jersey City,5,Meat + Seafood,10
"Hampton, Yeng",New York City,2,Meat + Seafood,10
"Dalke, Emily",Boston,2,Meat + Seafood,10
"Watson, Amanda",Jersey City,6,Meat + Seafood,10
"Aguirre, Dominic",New York City,2,Meat + Seafood,10
"Williams, Jeremy",Jersey City,2,Meat + Seafood,10
"Montoya, Zachary",Irvine,3,Meat + Seafood,10
"Smith, Amanda",Milwaukee,3,Meat + Seafood,10
"Barrera, Ganell",Milwaukee,3,Meat + Seafood,10
"el-Amber, Wajeeb",Jersey City,5,Meat + Seafood,10
"Hall, Sharice",New York City,2,Meat + Seafood,10
"Romero, April",Orlando,2,Meat + Seafood,10
"Jun, Jacklyne",Jersey City,2,Meat + Seafood,10
"Scannell, Bella",New York City,2,Meat + Seafood,10
"Aragon, Michaeli",Jersey City,6,Meat + Seafood,10
"Lor, Janice",Jersey City,5,Meat + Seafood,10
"Lin, Kathleen",Jersey City,2,Meat + Seafood,10
"Venn, Marissa",Norfolk,2,Meat + Seafood,10
"Scott, Blake",Jersey City,1,Meat + Seafood,10
"Blackburn, Marlon",New York City,6,Meat + Seafood,10
"Snyder, Steven",Jersey City,1,Meat + Seafood,10
"Neuwirth, Whitney",San Diego,2,Meat + Seafood,10
"Huitt, Uriah",Jersey City,2,Meat + Seafood,10
"Russell, Ciara",Greenwich,1,Meat + Seafood,10
"Porras, Edgar",New York City,5,Meat + Seafood,10
"Kalma, Tess",Jersey City,3,Meat + Seafood,10
"Bach, Monghuyen",Jersey City,3,Meat + Seafood,10
"Vannice, Jeremiah",New York City,2,Meat + Seafood,10
"Thornton, Marcus",Jersey City,3,Meat + Seafood,10
"Khatri, Jasmine",Spokane,3,Meat + Seafood,10
"Halbert, Ian",Orlando,2,Meat + Seafood,10
"Morris, Hanah",San Diego,2,Meat + Seafood,10
"Nettles, Jessica",Kansas City,6,Meat + Seafood,10
"Dimas, Andrea",Sacramento,3,Meat + Seafood,10
"Ellis, Chantel",New York City,2,Meat + Seafood,10
"Frazier, Jeanerette",Boston,6,Meat + Seafood,10
"Gonzalez Lopez, Jessie",Boston,2,Meat + Seafood,10
"el-Mostafa, Unais",New York City,6,Meat + Seafood,10
"Mathis, Rondora",New York City,5,Meat + Seafood,10
"Scaggs, Christopher",New York City,2,Meat + Seafood,10
"Zahid, Tiffany",Boston,6,Meat + Seafood,10
"Berg, Shauntino",Norfolk,2,Meat + Seafood,10
"Adame, Jacob",Orlando,2,Meat + Seafood,10
"al-Minhas, Hamna",San Diego,2,Meat + Seafood,10
"al-Kazi, Tahiyya",New York City,2,Meat + Seafood,10
"al-Abdi, Sahar",New York City,6,Meat + Seafood,10
"Braxton, Dajanae",Sacramento,2,Meat + Seafood,10
"Currington, Alexis",Norfolk,3,Meat + Seafood,10
"Mcnichols, Aidan",Jersey City,2,Meat + Seafood,10
"Hall, Whitney",New York City,1,Meat + Seafood,10
"Okita, Mark",New York City,2,Meat + Seafood,10
"Walton, Airel",New York City,2,Meat + Seafood,10
"Zieres, Ryan",San Diego,2,Meat + Seafood,10
"al-Darwish, Awaatif",Greenville,3,Meat + Seafood,10
"Jojola, Summer",Milwaukee,3,Meat + Seafood,10
"Pritchett, Erin",Orlando,2,Meat + Seafood,10
"Saddler, Mark",Milwaukee,3,Meat + Seafood,10
"Moreno, Daniel",Jersey City,2,Meat + Seafood,10
"el-Kaber, Naaila",San Diego,2,Meat + Seafood,10
"Chaffin, Kyle",Milwaukee,1,Meat + Seafood,10
"Perske, Harley",Irvine,2,Meat + Seafood,10
"Lynch, Christopher",Milwaukee,2,Meat + Seafood,10
"Tran, Alexandra",Milwaukee,3,Meat + Seafood,10
"Zubia, Diego",Irvine,2,Meat + Seafood,10
"Beauchamp, Antonio",Westchester,2,Meat + Seafood,10
"al-Ayub, Ummu Kulthoom",Jersey City,2,Meat + Seafood,10
"Murphy, Jacob",Saint Paul,1,Meat + Seafood,10
"De Giorgio, David",New York City,2,Meat + Seafood,10
"Kim, Asa",Sacramento,2,Meat + Seafood,10
"Felden, Kyle",Irvine,2,Meat + Seafood,10
"Eastman, Brianna",Jersey City,3,Meat + Seafood,10
"Faulhaber, Skilah",Irvine,6,Meat + Seafood,10
"Woodard, Zacharee",Boston,1,Meat + Seafood,10
"Begay, Nathaniel",Greenwich,5,Meat + Seafood,10
"Rodgers, Claire",Boston,1,Meat + Seafood,10
"el-Kaba, Nuzha",Orlando,2,Meat + Seafood,10
"Dehn, Deion",Boston,2,Meat + Seafood,10
"Slofkiss, Riley",Boston,2,Meat + Seafood,10
"Salazar, Kanani",Westchester,3,Meat + Seafood,10
"Dye, David",Cambridge,1,Meat + Seafood,10
"Fogg, Alangkrita",Milwaukee,1,Meat + Seafood,10
"Mata Gutierrez, Jose",Greenville,2,Meat + Seafood,10
"Tovar-Loaiza, Esteidi",New York City,1,Meat + Seafood,10
"el-Huq, Badri",New York City,2,Meat + Seafood,10
"Blackmond, Daniel",Norfolk,3,Meat + Seafood,10
"al-Arshad, Rutaiba",Jersey City,3,Meat + Seafood,10
"Leon, Jimmy",Spokane,2,Meat + Seafood,10
"al-Khalaf, Awda",San Diego,2,Meat + Seafood,10
"Whitt, Jordan",Westchester,6,Meat + Seafood,10
"Ortiz, Anastacia",Cambridge,2,Meat + Seafood,10
"Buckner, Destinee",Boston,2,Meat + Seafood,10
"al-Ameen, Rida",New York City,6,Meat + Seafood,10
"Naftel, Elaine",Westchester,2,Meat + Seafood,10
"el-Fahs, Uthmaa N",Irvine,6,Meat + Seafood,10
"el-Selim, Waleeda",Milwaukee,1,Meat + Seafood,10
"al-Idris, Fakeeha",Boston,1,Bread + Bakery,11
"Cain, Dontae",New York City,2,Bread + Bakery,11
"Thamert, Denver",New York City,5,Bread + Bakery,11
"Vigil, Scheridan",Milwaukee,3,Bread + Bakery,11
"Lane, Nakeia",New York City,2,Bread + Bakery,11
"Bufano, Jessica",New York City,2,Bread + Bakery,11
"Lundberg, Stephanie",Greenwich,5,Bread + Bakery,11
"Weed, Jackie",New York City,5,Bread + Bakery,11
"Sandoval, Megan",Saint Paul,1,Bread + Bakery,11
"Holmes, Cameron",Milwaukee,3,Bread + Bakery,11
"Pham, Anh",Irvine,3,Bread + Bakery,11
"Kang, Mreenal",Orlando,2,Bread + Bakery,11
"Hill, Alyssa",Scranton,3,Bread + Bakery,11
"Dureja, Regina",Jersey City,3,Bread + Bakery,11
"Lewis, Andrew",Boston,2,Bread + Bakery,11
"Eang, Joshua",Milwaukee,3,Bread + Bakery,11
"Thomas, Shelby",Saint Paul,1,Bread + Bakery,11
"Willis, De'Jah",Orlando,2,Bread + Bakery,11
"Hill, Jasmine",New York City,5,Bread + Bakery,11
"Brazeal-Gartner, Andrew",New York City,1,Bread + Bakery,11
"Burns, Christopher",Greenwich,3,Bread + Bakery,11
"al-Nasr, Asmaa",New York City,5,Bread + Bakery,11
"Gonzalez-Zepeda, Jessica",Boston,3,Bread + Bakery,11
"Salaz, Daniel",Boston,3,Bread + Bakery,11
"Williams, Jethary",Boston,6,Bread + Bakery,11
"el-Begum, Haaniya",Alberquerque,2,Bread + Bakery,11
"Vigil, Roman",New York City,5,Bread + Bakery,11
"Siddiqui, Julie",Scranton,2,Bread + Bakery,11
"Osnaya, Marisa",New York City,5,Bread + Bakery,11
"Truong, Sean",Norfolk,2,Bread + Bakery,11
"Garcia, Taryn",Milwaukee,3,Bread + Bakery,11
"Carson, Rhiannon",Galveston,1,Bread + Bakery,11
"Kauffmann, Dustin",Saint Paul,3,Bread + Bakery,11
"Topping, Marva",Scranton,2,Bread + Bakery,11
"Mabry, Jaylen",Irvine,2,Bread + Bakery,11
"Ortiz, Leonel",Scranton,3,Bread + Bakery,11
"Mckay, Samuel",Ann Arbor,3,Bread + Bakery,11
"al-Aly, Umair",Boston,5,Bread + Bakery,11
"Brown, Krystal",Milwaukee,1,Bread + Bakery,11
"Rodriguez, Alvaro",New York City,2,Bread + Bakery,11
"al-Wahab, Raadiya",Norfolk,3,Bread + Bakery,11
"Parsons, Zoe",Milwaukee,3,Bread + Bakery,11
"Hammond, Jordan",New York City,2,Bread + Bakery,11
"Garcia, Jacob",San Antonio,1,Bread + Bakery,11
"Fredericks, Shalisha",New York City,2,Bread + Bakery,11
"Teuton, Anasthasia",Scranton,3,Bread + Bakery,11
"Son, Andrew",Milwaukee,2,Bread + Bakery,11
"Nguyen, Sanna",Westchester,1,Bread + Bakery,11
"al-Mahmood, Nu'ma",Boston,6,Bread + Bakery,11
"el-Sinai, Husaam",New York City,2,Bread + Bakery,11