"name","location","therapy_area","tenure_group"
"King, Tyler","Sacramento","Oncology","1"
"al-Zaki, Taqiyya","Sacramento","Oncology","1"
"Jackson, Ellen","San Diego","Oncology","2"
"Mclaughlin, Matthew","Sacramento","Gastro","2"
"Romero, Maria","Sacramento","Renal","3"
"Rosser, Jay","Sacramento","Oncology","2"
"Natonabah, Amber","Norfolk","Cardio","3"
"Boll, Jeffery","New York City","Oncology","1"
"el-Parsa, Nawf","New York City","Diabetes","4"
"al-Matar, Ariyya","San Antonio","HIV","3"
"Shah, Nikki","New York City","Diabetes","5"
"Webb, Erron","Scranton","Cardio","2"
"Gutierrez, Jonathan","Boston","HIV","3"
"Baldassare, Brianna","New York City","Cardio","2"
"al-El-Sayed, Sultana","Orlando","Cardio","6"
"Emert, Taylor","Jersey City","Cardio","3"
"Lewis, Tyrale","Akron","Cardio","2"
"al-Sheikh, Mahmood","New York City","Vaccine","2"
"Miller, Michael","New York City","Vaccine","6"
"Truitt, Jason","Fort Worth","HIV","3"
"al-Mohammad, Taaj","Orlando","Oncology","1"
"al-Hamad, Tufail","Boston","Oncology","3"
"Valdo, Brandi","Decatur","Oncology","5"
"al-Hamed, Afaaf","New York City","Diabetes","3"
"el-Hanif, Shafee'a","Boston","Oncology","5"
"el-Tahir, Jawhar","New York City","Diabetes","2"
"Rickett, Matthew","San Diego","HIV","2"
"Trudell, Alek","Greenville","Vaccine","3"
"Montano, Kristen","Boston","Vaccine","3"
"Blackman, Raven","Norfolk","Cardio","2"
"Jackson, Shailah","Norfolk","HIV","3"
"Saling, Shawn","New York City","Oncology","2"
"Jumpe, Blake","Saint Paul","Oncology","2"
"Herndon, Lawrence","Norfolk","Vaccine","6"
"Enlow, Elizabeth","Kansas City","HIV","3"
"Lingen, Will","New York City","Cardio","1"
"Sloan, Taylor","Scranton","Gastro","2"
"Thompson, Skylar","Boston","Vaccine","1"
"Arapahoe, Lauren","Decatur","HIV","3"
"Burnley, Olivia","Galveston","HIV","3"
"el-Hassen, Faisal","Milwaukee","Diabetes","4"
"Adams, Mariah","Sacramento","Diabetes","4"
"Gilbert, Chandel","Sacramento","Diabetes","4"
"al-Nouri, Firdaus","Kansas City","Renal","3"
"al-Shahidi, Sanaaa","Greenville","HIV","3"
"Smith, Phoebe","Norfolk","HIV","3"
"el-Kabir, Aarifa","Scranton","Diabetes","3"
"Rin, Cody","Boston","HIV","1"
"Simmons, Monique","Boston","Cardio","6"
"Gallegos, Bridgett","San Diego","Cardio","2"
"Mandell, Ena","Sacramento","Cardio","2"
"Hoang, Cameron","Sacramento","Renal","3"
"Bennett, Jared","Fort Worth","HIV","4"
"Roseveare, Isaac","New York City","Gastro","2"
"Lai, Christina","San Antonio","HIV","3"
"Miales, Ariel","Jersey City","Vaccine","2"
"Serrano Cano, Jamecia","New York City","Immuno","2"
"al-Kaleel, Nassaar","Boston","Diabetes","2"
"el-Pasha, Abdul Baari","Portland","Diabetes","4"
"Clark, Sierra","Ann Arbor","Cardio","1"
"Ottosen, Jessica","Boston","Vaccine","2"
"Montoya, Teshia","Jersey City","Vaccine","3"
"Saller, Christopher","Boston","Diabetes","1"
"Bui, Da Som","Boston","Diabetes","2"
"al-Mustafa, Aatif","Akron","Immuno","1"
"Sewald, Jason","Scranton","Renal","2"
"Sims, Alexandrea","Sacramento","Oncology","3"
"Leshchinskaya, Justina","Jersey City","Immuno","1"
"el-Shahid, Maahir","Boston","Neuro","1"
"Rainey, Mariah","New York City","Renal","5"
"Jones, Connor","Greenwich","Renal","3"
"Natonabah, Naiessynce","New York City","Vaccine","2"
"Norris, Savannah","Norfolk","Gastro","2"
"Shorty, Robert","Norfolk","Diabetes","3"
"al-Idris, Fakeeha","Boston","Wound","1"
"Cain, Dontae","New York City","Wound","2"
"Estrada, Alexandrea","Sacramento","Vaccine","2"
"Thamert, Denver","New York City","Wound","5"
"Vigil, Scheridan","Milwaukee","Wound","3"
"Kumpf, Jessica","Norfolk","Cardio","3"
"al-Mannan, Jaasim","Norfolk","Cardio","5"
"Gosz, Lisa","Norfolk","Cardio","2"
"Lane, Nakeia","New York City","Wound","2"
"Dye, Taylor","Greenville","Diabetes","1"
"Gonzalez, Yurivet","New York City","Diabetes","4"
"Nguyen, Ben","New York City","Diabetes","4"
"Victorino, Meghana","New York City","Oncology","3"
"Moore, Damarius","San Diego","Oncology","3"
"Rhinehart, Eve","New York City","HIV","2"
"Harkay, Benjamin","Jersey City","Vaccine","5"
"al-Hoque, Nawfa","Irvine","Diabetes","5"
"Garcia, Taylor","Fort Worth","HIV","2"
"Cordova, Henry","Fort Worth","HIV","2"
"el-Abood, Hissa","San Antonio","Renal","3"
"al-Hashmi, Hafsa","Sacramento","Cardio","3"
"Juarez, Bianca","Scranton","Immuno","1"
"Tran, Johnny","Milwaukee","Cardio","2"
"Champine, Cody","Kansas City","Oncology","1"
"Sherrell, Kyira","Scranton","HIV","3"
"Burdick, Tysza","Decatur","Immuno","1"
"el-Mansour, Badri","Milwaukee","HIV","2"
"Campos, Tanisha","New York City","Diabetes","4"
"Deguzman, Benjamin","Fort Worth","HIV","2"
"Hampton, Yeng","New York City","Vaccine","2"
"Anderson, Eva","Cincinatti","Cardio","3"
"Dalke, Emily","Boston","Vaccine","2"
"Davis, Charlotte","Ann Arbor","Cardio","2"
"Stevens, Dana","Milwaukee","HIV","3"
"Rudebusch, Nathan","New York City","Oncology","2"
"Mendez-Soto, Jared","Galveston","Renal","2"
"Lacy, Justin","Jersey City","Immuno","6"
"Ishizuki, Gurjot","Irvine","Immuno","1"
"Bivings, Michael","Greenville","Diabetes","1"
"el-Rashed, Yusri","Sacramento","Renal","2"
"Her, Avery","San Diego","Oncology","5"
"Caples, Luke","Kansas City","HIV","2"
"Watson, Amanda","Jersey City","Vaccine","6"
"Cordova, Yuri","Greenwich","Neuro","1"
"Jacket, Brianna","Kansas City","Renal","3"
"Trujillo, Brandon","Milwaukee","Cardio","5"
"Clifton, Nico","Irvine","HIV","2"
"Bufano, Jessica","New York City","Wound","2"
"Donaldson, Armani","Sacramento","Gastro","3"
"Lundberg, Stephanie","Greenwich","Wound","5"
"An, William","Sacramento","Oncology","1"
"Jimenez, Gabriel","Decatur","Neuro","3"
"al-Khalaf, Wajeeh","Decatur","Neuro","3"
"Aguirre, Dominic","New York City","Vaccine","2"
"Williams, Jeremy","Jersey City","Vaccine","2"
"Akhtar, Steffany","Norfolk","Cardio","5"
"al-Dada, Saahira","Portland","Oncology","1"
"Deleon, Brianna","Boston","HIV","2"
"Santistevan, Miranda","Boston","Diabetes","4"
"Montoya, Zachary","Irvine","Vaccine","3"
"Parmiter, Matthew","Montgomery","Neuro","3"
"Long, Destiny","Norfolk","Cardio","6"
"Smith, Amanda","Milwaukee","Vaccine","3"
"Barrera, Ganell","Milwaukee","Vaccine","3"
"Mansurabadi, Donovan","Decatur","Immuno","1"
"Palma, Carmen","Kansas City","Immuno","1"
"Cody, Devin","Jersey City","Cardio","2"
"Roberts, Jennifer","Norfolk","Cardio","2"
"Kills In Sight, Braedon","Irvine","Cardio","2"
"Tran, Vanya","Norfolk","Cardio","2"
"Leal, Iran","Sacramento","Diabetes","1"
"Verde, Thalia","Boston","Diabetes","4"
"Chipman, Jessica","Sacramento","Diabetes","2"
"el-Jama, Hafsa","Scranton","HIV","3"
"Yang, Dominic","Milwaukee","Immuno","3"
"el-Reza, Sahla","Norfolk","HIV","5"
"Martinez, Eduardo","Orlando","Cardio","3"
"al-Ghazi, Mawzoona","Greenville","Cardio","3"
"al-Siddique, Sabaaha","Norfolk","Cardio","2"
"Downs, Christian","Saint Paul","Cardio","2"
"Dong, Michelle","New York City","Diabetes","4"
"el-Amber, Wajeeb","Jersey City","Vaccine","5"
"Elcock, Daijha","Norfolk","Cardio","5"
"Puga-Garcia, Jorge","Sacramento","Cardio","3"
"Curtis, Charles","Sacramento","Immuno","1"
"Becerra, Joshua","Norfolk","Immuno","1"
"Hall, Sharice","New York City","Vaccine","2"
"Romero, April","Orlando","Vaccine","2"
"Lung, Eileen","New York City","Oncology","6"
"Abdalla, Devonna","New York City","Oncology","2"
"al-Ismail, Furqaan","Orlando","Oncology","3"
"Gonzalez, David","Boston","Oncology","3"
"Tyler, Asia","Fort Worth","Oncology","2"
"Torres, Alexander","Greenwich","HIV","3"
"Park, Ashleigh","New York City","Diabetes","5"
"Musa, Lynn","Harrisburg","HIV","3"
"Manke, Martha","Boston","HIV","5"
"Villarreal, Jazmin","Alberquerque","HIV","2"
"Jun, Jacklyne","Jersey City","Vaccine","2"
"Aguilera, Xavier","Milwaukee","Neuro","5"
"el-Rahimi, Afeef","Milwaukee","HIV","5"
"Meza, Alejandra","Orlando","Immuno","3"
"Weincek, Zack","Orlando","Immuno","3"
"Bron, Maranda","Orlando","Diabetes","1"
"Rivera, Souvany","Orlando","Oncology","2"
"Griffith, Reed","Orlando","Immuno","1"
"Sorrell, Nohelia","Milwaukee","HIV","3"
"Lor, Sam","Saint Paul","HIV","3"
"al-Sham, Saafiyya","Milwaukee","HIV","3"
"Weed, Jackie","New York City","Wound","5"
"Yoshimura, Rachael","New York City","Cardio","2"
"Scannell, Bella","New York City","Vaccine","2"
"Sandoval, Megan","Saint Paul","Wound","1"
"Furman, Dylan","Saint Paul","Diabetes","3"
"el-Allee, Nizaam","Decatur","Oncology","5"
"Aragon, Michaeli","Jersey City","Vaccine","6"
"Brown, Mollie","Milwaukee","Renal","3"
"Lor, Janice","Jersey City","Vaccine","5"
"Lopez, Julia","Decatur","Rare","7+"
"Peppo, Kevin","Albany","Rare","7+"
"Chavarria, Alexander","Boston","Diabetes","1"
"Lor, Brendan","Kansas City","HIV","3"
"Dumas, Makayla","Jersey City","Cardio","2"
"Nunez, Erick","Portland","Renal","2"
"Smith, Julia","San Diego","Oncology","2"
"Bishop, Dominique","Saint Paul","HIV","2"
"Cloud, Lauren","Harrisburg","Renal","3"
"Kijprachakorn, Weslie","Harrisburg","Gastro","2"
"Apodaca-Anaya, Quintina","Kansas City","HIV","3"
"Groesbeck, Kimberly","Boston","Immuno","3"
"Qi, Ruth","Milwaukee","Neuro","3"
"Mergerson, Ryvon","Norfolk","Cardio","6"
"Craig, Ladon","Decatur","Oncology","1"
"Greene, Ladezhane","New York City","Diabetes","2"
"Lin, Kathleen","Jersey City","Vaccine","2"
"el-Farah, Lutfi","Decatur","HIV","1"
"Herrera, Heaven","Norfolk","Oncology","2"
"Caraveo Herrera, Zyul","New York City","HIV","2"
"Batt, Audrey","Boston","Cardio","2"
"Venn, Marissa","Norfolk","Vaccine","2"
"Skof, Mckenzie","Harrisburg","Oncology","3"
"Humrich, Zeriah","Decatur","Oncology","1"
"Scott, Blake","Jersey City","Vaccine","1"
"Dow Babycos, Sabrina","Cambridge","Cardio","2"
"Garcia, Justin","Norfolk","Cardio","2"
"al-Abdelrahman, Mahdeeya","Milwaukee","Renal","3"
"al-Omer, Faadi","Sacramento","Renal","3"
"Kishiyama, Paul","Sacramento","Oncology","1"
"Fernandez, Dameion","Sacramento","Diabetes","1"
"Lane, Marissa","Fort Worth","HIV","3"
"Banuelos, Adriana","Greenwich","Gastro","2"
"Bartlett, Katie","Kansas City","Immuno","3"
"Khorshid, Mark","Orlando","Cardio","2"
"Gurule, Luisa","Sacramento","Diabetes","2"
"Holmes, Cameron","Milwaukee","Wound","3"
"Thompson, Tylor","San Diego","Oncology","2"
"Van Zee, Yusuf","New York City","Oncology","1"
"el-Aboud, Haafiza","New York City","Diabetes","2"
"al-Ghaffari, Mumtaaza","Decatur","HIV","1"
"Kennedy, Manulagaeu","New York City","Diabetes","2"
"Santiago, Hana","Irvine","Cardio","2"
"Lobatos Sanchez, Miguel","New York City","Cardio","2"
"Dittloff, Patrick","New York City","Cardio","2"
"Lehi, Angelina","Norfolk","Cardio","2"
"Madrid, Alberto","Norfolk","Renal","6"
"Rocha, Benjamin","Boston","Cardio","5"
"Thurby, Aaron","Norfolk","Cardio","6"
"el-Shah, Zahraaa","Milwaukee","Diabetes","3"
"Gutierrez, Jay","Westchester","Oncology","5"
"Widlund, Adrienne","Milwaukee","Renal","2"
"Markham, Christopher","Sacramento","Cardio","3"
"Mcclain, Camry","New York City","Diabetes","4"
"Raposa, Dominique","New York City","Diabetes","4"
"Sweets, Devon","New York City","Diabetes","4"
"Cerenil, Jerrica","New York City","Oncology","1"
"Pham, Anh","Irvine","Wound","3"
"Loughridge, Jesse","Decatur","Oncology","3"
"Sandoval, Ruben","Scranton","Gastro","2"
"Montoya, Emma","Norfolk","Cardio","2"
"Fay, Paige","San Antonio","Immuno","1"
"Rice, Katrina","New York City","Diabetes","4"
"Simmons, Quincy","New York City","Renal","3"
"Alger, Kincaid","New York City","Oncology","5"
"Gates, Rachel","Milwaukee","Oncology","5"
"al-Neman, Baasim","Boston","Gastro","2"
"Litwin, Michael","Decatur","HIV","1"
"Fischer, Megan","Sacramento","Oncology","2"
"Santiago, Christopher","New York City","Oncology","1"
"Green, Adrien","Spokane","Diabetes","2"
"el-Akbari, Labeeb","Santa Fe","Immuno","1"
"Matthiesen, Dillon","Norfolk","Cardio","5"
"Blackburn, Marlon","New York City","Vaccine","6"
"Dodson, Blake","Norfolk","Cardio","3"
"Phillips, Alexis","New York City","Gastro","2"
"Snyder, Steven","Jersey City","Vaccine","1"
"Neuwirth, Whitney","San Diego","Vaccine","2"
"al-Shahidi, Muneera","San Diego","Oncology","5"
"al-Shakoor, Uqbah","Norfolk","Cardio","2"
"el-Mansoor, Ibrahim","Kansas City","Cardio","2"
"Lopez, Fernando","Greenwich","HIV","3"
"el-Jafari, Jannat","Boston","Oncology","6"
"Martinez, Shania","Sacramento","Diabetes","4"
"Huitt, Uriah","Jersey City","Vaccine","2"
"Schaller, Karl","Milwaukee","Renal","3"
"Acosta, Jennifer","New York City","HIV","3"
"Russell, Ciara","Greenwich","Vaccine","1"
"Nguyen, Steven","New York City","Diabetes","2"
"Belden, Kaylina","New York City","Diabetes","4"
"Kang, Mreenal","Orlando","Wound","2"
"Young, Keahna","San Diego","Renal","3"
"Hill, Alyssa","Scranton","Wound","3"
"Smith, Chance","New York City","Renal","2"
"el-Radwan, Hanaaa","Greenwich","Renal","2"
"al-Khalid, Jihaad","San Diego","Cardio","2"
"Birkhead, Ji Young","Sacramento","Cardio","5"
"Hodges, Alexander","Norfolk","Cardio","4"
"Durham, Adam","Norfolk","Cardio","3"
"King, Elizabeth","Boston","Diabetes","4"
"el-Jabara, Tareef","Milwaukee","Cardio","2"
"Allison, Garrett","Jersey City","Cardio","2"
"Porras, Edgar","New York City","Vaccine","5"
"Sun, Mimi","Fort Worth","HIV","2"
"Alaniz, Juan","Milwaukee","Immuno","1"
"Andrews, Carmen","Milwaukee","Renal","1"
"Brunt, Erik","Decatur","Immuno","1"
"al-El-Sayed, Mubaaraka","Decatur","Immuno","1"
"Portillo, Justin","New York City","Diabetes","2"
"Orona, Elario","New York City","Diabetes","2"
"Hall, Tracee","New York City","Gastro","2"
"Andres, Mark","Scranton","Gastro","2"
"Abby, Jazmyn","Des Moines","HIV","6"
"Dureja, Regina","Jersey City","Wound","3"
"Bivins, Shapprrea","New York City","Diabetes","3"
"Blackbear, Naomi","New York City","Diabetes","1"
"Cross, Levi","New York City","Diabetes","5"
"Soto, Ghibrian","Jersey City","Cardio","5"
"Blackwater, Jeremy","Milwaukee","Cardio","2"
"el-Younes, Ameena","Greenville","Diabetes","2"
"Hernandez-Mungia, Edgar","Greenville","HIV","3"
"Pham, Kanya","Irvine","Cardio","3"
"Basinger, Andrew","Norfolk","Cardio","6"
"Smith, Tanaya","Des Moines","HIV","3"
"el-Abdella, Kaarim","Orlando","Renal","3"
"al-Obeid, Zulfa","Greenwich","Immuno","2"
"Revello, Adail","Milwaukee","HIV","3"
"al-Tamer, Kamaaluddeen","Sacramento","Renal","3"
"Najera, Steve","Sacramento","Oncology","2"
"Espinosa Ramirez, Jesus","San Diego","Oncology","5"
"Gustafson, Brandyn","Milwaukee","Immuno","3"
"Lor, Kevin","Boston","Gastro","2"
"Stuart, Brennan","New York City","Diabetes","2"
"Lujan, Natelle Rae","Irvine","Cardio","5"
"Naple, Michael","New York City","Immuno","1"
"Chanthavongsa, Emily","Cincinatti","Oncology","3"
"Harney, Robyn","Norfolk","Cardio","2"
"el-Koroma, Nabeela","Westchester","Cardio","2"
"Jordan, Shauntaul","Ann Arbor","Renal","3"
"Stone, Ravindra","San Diego","Renal","2"
"Alford, Emoni","New York City","Renal","2"
"Kalma, Tess","Jersey City","Vaccine","3"
"Vannavong, Lara","Ann Arbor","HIV","3"
"Woody, Caleb","New York City","Oncology","1"
"Yazzie, Jakob","New York City","Oncology","2"
"Monroy, Mayra","New York City","Diabetes","6"
"Davis, Samba","Harrisburg","HIV","3"
"el-Sulaiman, Jameela","Orlando","Neuro","3"
"Lewis, Andrew","Boston","Wound","2"
"Bowen, Katharine","Greenwich","Gastro","2"
"Bach, Monghuyen","Jersey City","Vaccine","3"
"Elam, Kiah","Milwaukee","Cardio","5"
"Shelton, Tanner","Decatur","HIV","1"
"Hodges, Lamont","San Antonio","Oncology","1"
"Dubus, Xavier","New York City","Immuno","1"
"Macneal, Dallas","Montgomery","HIV","3"
"Perez Jr, Francisco","Milwaukee","HIV","2"
"Vannice, Jeremiah","New York City","Vaccine","2"
"Woody, Angela","Kansas City","Neuro","3"
"Thornton, Marcus","Jersey City","Vaccine","3"
"Guerrero-Argumedo, Brian","Sacramento","HIV","5"
"Lopez-Silerio, Elijah","San Diego","Oncology","5"
"Eang, Joshua","Milwaukee","Wound","3"
"Gandy, Austin","Boston","Neuro","2"
"Jenkins, Bradley","San Antonio","Oncology","2"
"al-Karim, Aadila","Sacramento","Oncology","1"
"Thompson, Kyanna","Alberquerque","HIV","2"
"el-Zaki, Lutfi","Fort Worth","HIV","2"
"al-Azer, Warda","Ann Arbor","Renal","3"
"Petersen, Megan","Decatur","Cardio","5"
"al-Nour, Jihaad","Irvine","Renal","3"
"Yang, Max","Boston","HIV","2"
"Sanders, Christina","Sacramento","Diabetes","2"
"Staples, Brian","New York City","Renal","6"
"al-Karam, Faaiq","Norfolk","HIV","2"
"al-Raad, Amaan","Sacramento","Diabetes","4"
"Brave, Howard","Harrisburg","Diabetes","5"
"Contreras, Alicia","Scranton","Oncology","3"
"Todd, Caley","Decatur","Immuno","1"
"Lenahan, Cante","New York City","Diabetes","4"
"el-Salam, Aasima","New York City","Diabetes","2"
"el-Nouri, Abbaad","New York City","Diabetes","4"
"Butler-Fulbright, Milo","Norfolk","Diabetes","4"
"Cohen-Wilson, Nataya","San Diego","Oncology","1"
"el-Rashid, Irfaan","Milwaukee","HIV","3"
"Bird, Stephanie","Fort Worth","HIV","3"
"Morin, Mitchell","Boston","Immuno","1"
"Ng, Shayla","Milwaukee","Immuno","6"
"Taylor, Christian","Norfolk","Cardio","6"
"Snowhawk, Brandon","Sacramento","Neuro","2"
"al-Meer, Jaadallah","Milwaukee","Cardio","5"
"al-Farhat, Kinaana","New York City","Diabetes","2"
"Jarvis, Jalaka","Alberquerque","HIV","3"
"al-Yacoub, Kamaaluddeen","Santa Fe","HIV","3"
"al-Fadel, Zaahid","Boston","HIV","2"
"Torres, Che","Milwaukee","Oncology","2"
"Smith, Tyler","Jersey City","Immuno","1"
"Iu, Cody","Milwaukee","Immuno","3"
"Gonzales, Jessica","Orlando","Immuno","3"
"Kuge, Girishkumar","Jersey City","Immuno","1"
"Sampson, Nicholas","Scranton","Renal","1"
"Sarsam, Michael","Kansas City","Renal","3"
"Khatri, Jasmine","Spokane","Vaccine","3"
"Halbert, Ian","Orlando","Vaccine","2"
"al-Saladin, Masood","Westchester","Cardio","3"
"Amelkin, Lucas","Decatur","Neuro","3"
"al-Tamer, Mawhiba","San Diego","Oncology","1"
"Perlas, Robert","Orlando","HIV","3"
"Naranjo, Isabella","Harrisburg","HIV","2"
"Reese, Jordyn","Scranton","HIV","3"
"Morris, Hanah","San Diego","Vaccine","2"
"Nettles, Jessica","Kansas City","Vaccine","6"
"Sinouansai, Janice","Fort Worth","HIV","3"
"el-Amara, Rawda","Westchester","Cardio","2"
"Gilkey, Makeyla","Norfolk","Cardio","2"
"Engle, Dylan","New York City","Diabetes","1"
"Coffman, Kenaya","Westchester","HIV","6"
"Running-Rabbit, Michelle","New York City","Immuno","6"
"al-Massoud, Aasim","Saint Paul","Immuno","6"
"Starr, Cameron","New York City","Diabetes","2"
"Aragon, Adinidiin","San Diego","Cardio","2"
"Shoels, Brittany","San Antonio","Cardio","2"
"Mckune, Austin","New York City","Cardio","2"
"Soto, Dashae","Jersey City","Renal","3"
"Ali, Lexus","Fort Worth","HIV","2"
"Flores-Caballero, Branden","Fort Worth","HIV","2"
"el-Hussain, Raaniya","Fort Worth","HIV","2"
"Chang, Julian","Sacramento","Oncology","1"
"Buehler, Brandon","Decatur","Cardio","6"
"Massey, Tyler","Decatur","Neuro","1"
"el-Mousa, Atheer","Fort Worth","Cardio","2"
"Khuu, Mehal","Irvine","Cardio","2"
"Fair, Jalisa","Greenwich","Oncology","1"
"Walker, Michael","Jersey City","HIV","6"
"Carrillo, Soledad","San Diego","Oncology","5"
"Kikuchi, Nicole","Milwaukee","Oncology","2"
"el-Sharaf, Bilaal","Irvine","Diabetes","6"
"Smith, Cassidy","New York City","Cardio","2"
"Olson, Christie","Saint Paul","HIV","3"
"Barron, Kindra","Decatur","Oncology","1"
"Thomas, Shelby","Saint Paul","Wound","1"
"Begaye, Sierra","Milwaukee","Immuno","3"
"al-Younis, Zaghlool","Kansas City","Immuno","3"
"Dimas, Andrea","Sacramento","Vaccine","3"
"Arguello, Bayla","Boston","Immuno","3"
"al-Siddiqi, Raabia","New York City","Renal","3"
"Ellis, Chantel","New York City","Vaccine","2"
"Reed, Kiana","Sacramento","Diabetes","6"
"Willis, De'Jah","Orlando","Wound","2"
"el-Farooqui, Fikra","Sacramento","HIV","3"
"Frazier, Jeanerette","Boston","Vaccine","6"
"Gonzalez Lopez, Jessie","Boston","Vaccine","2"
"el-Mostafa, Unais","New York City","Vaccine","6"
"Qiu, Justin","Kansas City","HIV","3"
"Stodden, Kelsey","Harrisburg","Diabetes","2"
"Copeland, Joseph","Portland","Renal","3"
"Larsen, Alex","Decatur","Neuro","1"
"Barcenas-Ibarra, Alexandro","Fort Worth","Renal","2"
"Demario, Ellis","Orlando","Diabetes","4"
"Juan, Justin","Kansas City","HIV","3"
"al-Zaidi, Haniyya","Greenville","HIV","1"
"Pak, Lauryn","Greenwich","HIV","2"
"Gall, Julie","Jersey City","HIV","3"
"Larson, Jordan","Milwaukee","HIV","2"
"Hoover, Brian","Westchester","HIV","2"
"al-Zakaria, Waseema","San Antonio","Oncology","2"
"Martin, Jared","Greenwich","Cardio","2"
"Vital, Salvador","Ann Arbor","Cardio","2"
"Wall, Kayla","Jersey City","HIV","3"
"Evans, Nahom","Greenwich","Oncology","1"
"Smith, Sterling","Greenwich","Diabetes","3"
"Phillips, Austin","Greenville","Diabetes","3"
"Orgler, T'Aunsanae","Greenwich","Immuno","3"
"Hopkins, Kiran","Boston","Cardio","2"
"al-Tariq, Ulyaa","Jersey City","Oncology","2"
"Mathis, Rondora","New York City","Vaccine","5"
"Robinson, Brianna","Milwaukee","Immuno","3"
"Doyle, Jordan","Decatur","Immuno","1"
"Scaggs, Christopher","New York City","Vaccine","2"
"Parton, Jonathan","New York City","Immuno","3"
"Zahid, Tiffany","Boston","Vaccine","6"
"Berg, Shauntino","Norfolk","Vaccine","2"
"Adame, Jacob","Orlando","Vaccine","2"
"Jones, Jordan","New York City","Renal","2"
"Petty, Ciara","Boston","Diabetes","3"
"Sisneros, Jacob","San Antonio","Neuro","3"
"Hayutin, Jordan","New York City","Oncology","2"
"Alvarez-Martinon, Jesenia","Orlando","Immuno","1"
"al-Akbari, Fawzaana","New York City","Gastro","2"
"Garrison, Brandon","New York City","Diabetes","2"
"Thompson, Sandra","New York City","Diabetes","2"
"Becerra, Mayra","New York City","Diabetes","4"
"Lambright, Allison","New York City","Diabetes","2"
"Kida, Jui-Chun","Milwaukee","Immuno","1"
"Babcock, Brittany","Sacramento","Renal","3"
"Anderson, Kion","Portland","HIV","1"
"Bounds, Michealla","Norfolk","Diabetes","5"
"Reed, Ronisha","Akron","Immuno","1"
"Dolson, Michael","Norfolk","Cardio","2"
"Whitebull-Delgado, Sunsiarae","Des Moines","HIV","3"
"Shackelford, Whitney","Fort Worth","HIV","2"
"Pfingsten, Chanthany","Sacramento","Diabetes","6"
"Tewolde, Mikhal","San Diego","Oncology","1"
"Hill, Jasmine","New York City","Wound","5"
"Brazeal-Gartner, Andrew","New York City","Wound","1"
"Burns, Christopher","Greenwich","Wound","3"
"Cranfill, Travon","Scranton","Immuno","1"
"Lynn, Angelo","Fort Worth","HIV","2"
"Blanton, Sunshine","San Diego","Oncology","2"
"Nicks, Nicola","Milwaukee","Immuno","1"
"Valle, Elena","New York City","Immuno","1"
"Dobbs, Jacob","Orlando","Oncology","1"
"Stepner, Dylan","New York City","Cardio","2"
"Harper, Rebekah","Albany","Diabetes","2"
"Park, Emma","Decatur","Immuno","2"
"King, Bin","Boston","Cardio","2"
"Beck, Brandon","Milwaukee","HIV","3"
"el-Bangura, Taqiyya","Decatur","Neuro","1"
"Simon, Kavita","Galveston","HIV","3"
"Schlegel, Lindsey","Akron","HIV","3"
"al-Minhas, Hamna","San Diego","Vaccine","2"
"al-Kazi, Tahiyya","New York City","Vaccine","2"
"Vasquez, Kelly","Milwaukee","Immuno","2"
"Martinez, Kelsey","Scranton","Oncology","1"
"Basquez, Alicia","Harrisburg","Immuno","6"
"Williams, Kiara","Milwaukee","Neuro","3"
"el-Kaber, Wajeeha","New York City","Diabetes","2"
"Lewis, Anisa","San Antonio","HIV","5"
"Terrell, David","Milwaukee","HIV","1"
"Cano, Jacquelin","Cincinatti","HIV","1"
"Jones Jr, Lauren","Boston","Immuno","3"
"Mccarty, Benjamin","Boston","Diabetes","5"
"Ueji, Tobby","Sacramento","Oncology","1"
"Siriwalothakul, Andrew","New York City","Oncology","2"
"Mestas, Tristan","Saint Paul","Immuno","3"
"al-Abdi, Sahar","New York City","Vaccine","6"
"Suarez Martinez, Demetrius","Spokane","HIV","3"
"Davis, Simran","Boston","Cardio","3"
"el-Hussain, Saalih","Westchester","HIV","3"
"Berzins, Angel","Orlando","Gastro","2"
"al-Darwish, Ibtisaama","Norfolk","Gastro","2"
"Garcia, Ricardo","Sacramento","HIV","2"
"Weaver, Steven","New York City","Immuno","1"
"Evans, Christian","Ann Arbor","Renal","3"
"Castillo, Brenda","New York City","Oncology","1"
"Rosales, Mattaio","Sacramento","Gastro","3"
"Ngu, Andrew","San Antonio","HIV","3"
"Lewis, Saygbechee","Jersey City","Oncology","3"
"Braxton, Dajanae","Sacramento","Vaccine","2"
"Whitaker, Darius","New York City","Diabetes","2"
"el-Huq, Waseema","Decatur","Oncology","3"
"Flores, Jesus","New York City","Oncology","1"
"Usry, John","Boston","Neuro","2"
"Winbush, Kellie","Harrisburg","Renal","3"
"Mills, Janice","Scranton","Gastro","2"
"Currington, Alexis","Norfolk","Vaccine","3"
"Little, Benjamin","New York City","Cardio","2"
"Bass, Matias","Scranton","Diabetes","2"
"el-Hosein, Thaabita","Norfolk","Cardio","2"
"Gutierrez, Nancy","Boston","Cardio","2"
"Elliott, Dakota","Ann Arbor","Immuno","1"
"Ordaz, Olivia","Boston","Cardio","3"
"Lo, Phoutthasinh","Milwaukee","Cardio","3"
"Mcnichols, Aidan","Jersey City","Vaccine","2"
"Quezada, John","New York City","Oncology","2"
"Lindauer, Ariyelle","Scranton","Renal","2"
"Hall, Whitney","New York City","Vaccine","1"
"Smith, Savannah","Norfolk","Cardio","1"
"el-Minhas, Nabeela","New York City","Diabetes","4"
"Rivera, Jakob","New York City","Oncology","2"
"Quinnie, Edward","New York City","Renal","3"
"Hintz, Casey","New York City","Renal","2"
"Coffman, Martin","Decatur","HIV","3"
"Jones, Savannah","Decatur","Immuno","1"
"al-Shah, Sahla","New York City","Diabetes","2"
"Snow, Catherine","Milwaukee","Immuno","3"
"el-Jaber, Fat'hiyaa","Kansas City","HIV","1"
"Musso, Justin","Orlando","Immuno","3"
"Pollock, Connor","Irvine","HIV","1"
"Hayes-Joshua, Trei'Vonne","Jersey City","Oncology","3"
"Xue, Wing","Harrisburg","Gastro","2"
"Garnier, Leroy","Sacramento","Diabetes","1"
"Kumagai, Gabriel","Greenville","Diabetes","5"
"Sanchez, Antonio","Norfolk","Gastro","2"
"Apted, Aayush","Scranton","HIV","3"
"Lewis, Sydney","Irvine","HIV","2"
"Holdridge, Quade","New York City","Diabetes","5"
"Rivera, Thomas","Scranton","Diabetes","2"
"Valdez, Angel","San Antonio","Immuno","1"
"Otey, Jordan","Boston","Immuno","1"
"Kaufman, Cody","Jersey City","Immuno","2"
"Cummings, Denise","Jersey City","Immuno","2"
"el-Siddique, Shahaama","Milwaukee","Neuro","3"
"Langston, Tyrae","Irvine","HIV","2"
"Nobraid, Shawn","Westchester","Renal","3"
"el-Farag, Minnah","New York City","Oncology","5"
"al-Farid, Haashid","Akron","Diabetes","2"
"Mameda, Bristi","Cincinatti","Cardio","3"
"Zakin, Nancy","Cincinatti","Cardio","3"
"al-Salih, Zakariyya","San Antonio","Cardio","3"
"Salido, Billye","Norfolk","Cardio","5"
"Fearce, Mario","New York City","Cardio","2"
"Williams, Benjamin","New York City","Neuro","1"
"Crowley, Asia","Alberquerque","HIV","3"
"el-Abed, Hissa","New York City","HIV","2"
"Nelson, Hannah","Boston","Gastro","3"
"Okita, Mark","New York City","Vaccine","2"
"el-Firman, Ghaazi","San Diego","Renal","3"
"al-Bahri, Abdul Ghafoor","New York City","Diabetes","2"
"Young, Ashleigh","Milwaukee","Immuno","1"
"Stogsdill IV, Ethan","Irvine","Oncology","1"
"Alvarez-Martinon, Heriberto","Fort Worth","HIV","2"
"Walton, Airel","New York City","Vaccine","2"
"Cobarrubias, William","San Diego","Oncology","2"
"Sanchez, Llanely","Decatur","Oncology","1"
"al-Nasr, Asmaa","New York City","Wound","5"
"King, Ryan","Milwaukee","Renal","3"
"Hernandez, Alberto","Ann Arbor","Renal","3"
"Zieres, Ryan","San Diego","Vaccine","2"
"Williams, Quinten","Harrisburg","HIV","6"
"al-Darwish, Awaatif","Greenville","Vaccine","3"
"Nguyen, Michael","Norfolk","Cardio","5"
"Perry, Shay","Milwaukee","Immuno","3"
"Tusay, Megan","Norfolk","Renal","3"
"Braun, Gabrielle","Ann Arbor","Renal","3"
"Jojola, Summer","Milwaukee","Vaccine","3"
"Gonzalez-Zepeda, Jessica","Boston","Wound","3"
"Jenkins, Mauriel","Fort Worth","HIV","1"
"Espinosa, Isabella","Milwaukee","Diabetes","5"
"Brickens, Olivia","Cincinatti","Immuno","3"
"Vien, Hunter","Fort Worth","Oncology","5"
"al-Can, Mansoor","Fort Worth","HIV","3"
"Ortega, Brandon","Boston","HIV","2"
"Munnerlyn, Jacqulynn","Cincinatti","Cardio","2"
"Hubbard, Philip","Saint Paul","Immuno","1"
"Pritchett, Erin","Orlando","Vaccine","2"
"al-Can, Faalih","San Diego","Oncology","1"
"Montgomery, Alicia","New York City","Cardio","3"
"Saddler, Mark","Milwaukee","Vaccine","3"
"Landucci, Ashley","Montgomery","HIV","3"
"al-Nassif, Haazim","Orlando","HIV","3"
"el-Omer, Mishaari","Jersey City","Immuno","2"
"Snyder, Tyler","New York City","Oncology","2"
"Cramer, Deanna","Norfolk","Cardio","2"
"Reuter, Mary","Boston","Oncology","1"
"Hysell, Evie","San Diego","Oncology","3"
"Thorpe, Jordan","New York City","Immuno","2"
"Young, John","Cincinatti","Immuno","3"
"Ackah Yensu, Brandi","New York City","Cardio","3"
"el-Momin, Shaakir","Decatur","Immuno","3"
"al-Ishmael, Radwa","San Antonio","Immuno","1"
"Doolittle, Annie","Scranton","Immuno","2"
"Turner, Tah'Kalah","Harrisburg","Immuno","1"
"Gordon, Lucas","Greenwich","HIV","1"
"Wallace, Tyler","San Antonio","Renal","3"
"el-Bashir, Zayyaan","Decatur","Renal","3"
"Hurst, Katelyn","San Diego","Cardio","2"
"Mock, Geniveve","Decatur","Neuro","1"
"Phenna, Rocky","Alberquerque","Diabetes","3"
"Harrison, Randi","Boston","Cardio","6"
"Colohan, Garrett","New York City","Diabetes","2"
"Salaz, Daniel","Boston","Wound","3"
"Palomo, Raylene","Cincinatti","Cardio","2"
"Williams, Jethary","Boston","Wound","6"
"Knighten, Ashanafe","Greenville","HIV","1"
"Lee, Sam","Greenwich","HIV","1"
"Sinaloa, Eli","San Antonio","Renal","3"
"Weston, Kyle","Fort Worth","HIV","2"
"Wisham, Addam","Jersey City","HIV","5"
"Nadiadi, Samantha","Boston","Renal","3"
"Minter, Yekalo","Fort Worth","HIV","2"
"Collins, Jordan","Fort Worth","HIV","2"
"Moreno, Daniel","Jersey City","Vaccine","2"
"Griffin, Morgan","Irvine","Diabetes","2"
"al-Vaziri, Rayyaan","Jersey City","Immuno","3"
"el-Begum, Haaniya","Alberquerque","Wound","2"
"Chu, Joann","Norfolk","Cardio","3"
"Jones, Cassidy","Milwaukee","Neuro","3"
"el-Ayoub, Abyad","Norfolk","Cardio","3"
"Thornburg, Antonio","Boston","Cardio","2"
"el-Kaber, Naaila","San Diego","Vaccine","2"
"Vigil, Roman","New York City","Wound","5"
"al-Shafi, Noora","New York City","Cardio","2"
"Etzenhouser, Payne","Saint Paul","HIV","2"
"Fransua, Meghan","Portland","Cardio","2"
"Mccabe, Robert","Kansas City","Diabetes","2"
"Snyder, Melissa","Jersey City","Diabetes","2"
"al-Jabbar, Maahir","New York City","Oncology","2"
"Chaffin, Kyle","Milwaukee","Vaccine","1"
"Moua, Naweed","New York City","Diabetes","4"
"Parker, Alyssa","New York City","Diabetes","4"
"Perske, Harley","Irvine","Vaccine","2"
"Lack, Erin","Greenville","HIV","3"
"Whiteman, Olivia","Sacramento","Diabetes","3"
"el-Khatib, Daamir","Scranton","HIV","3"
"Siddiqui, Julie","Scranton","Wound","2"
"Rife, Tyray","New York City","Diabetes","4"
"Romero, Jessica","Scranton","Diabetes","2"
"Johnson, Katelin","New York City","Diabetes","2"
"Lindquist, Kayla","Boston","Cardio","2"
"al-Odeh, Ayyoob","Galveston","Gastro","6"
"Blanco, Ace","Jersey City","Oncology","2"
"Jackson, Imani","Sacramento","Oncology","1"
"Osnaya, Marisa","New York City","Wound","5"
"el-Atallah, Akram","Greenville","Immuno","1"
"Plane, Devin","Decatur","Immuno","3"
"Temple, Deandre","Sacramento","Gastro","2"
"Casias, Anastasia","San Diego","Oncology","5"
"Tucker, Courtney","San Antonio","Neuro","3"
"Taylor, Cochise","Saint Paul","Immuno","2"
"Bailey, Jamee","Ann Arbor","Renal","3"
"Gomez, Adrianne","Sacramento","Cardio","2"
"Tran, Sharon","Sacramento","HIV","2"
"Little, James","Kansas City","HIV","3"
"Lynch, Christopher","Milwaukee","Vaccine","2"
"Tran, Alexandra","Milwaukee","Vaccine","3"
"Zubia, Diego","Irvine","Vaccine","2"
"Alferos, Liana","Portland","Oncology","1"
"Porter, Jade","Sacramento","Oncology","2"
"Elwood, Kenneth","Saint Paul","Immuno","1"
"el-Anwar, Naseera","Jersey City","Gastro","2"
"Bell, Travon","New York City","Gastro","2"
"Cox, Sky","Greenwich","Renal","3"
"Pacheco, Matia","New York City","Renal","6"
"Verbonitz, Connie","Irvine","Oncology","1"
"Roda, Randy","Boston","Immuno","1"
"Beauchamp, Antonio","Westchester","Vaccine","2"
"al-Ayub, Ummu Kulthoom","Jersey City","Vaccine","2"
"al-Chahine, Raabiya","Sacramento","Oncology","1"
"al-Shaheed, Haala","Sacramento","Oncology","2"
"Nguyen, Samantha","Decatur","Oncology","3"
"Truong, Sean","Norfolk","Wound","2"
"Thompson, Raegan","Spokane","HIV","3"
"al-Samaan, Ayyoob","Greenwich","Renal","1"
"O'Connor, Deidra","Orlando","Renal","3"
"al-Haidar, Nazmiyya","Norfolk","Cardio","2"
"Heller, Allan","New York City","Gastro","5"
"Lugenbeel, Fredlyn","Milwaukee","Diabetes","5"
"al-Sharif, Raafida","New York City","Oncology","5"
"Archuleta, Benjamin","Portland","Cardio","3"
"Goens, Jurnee","Portland","Oncology","2"
"Campbell, Sharon","Kansas City","Oncology","1"
"al-Nasrallah, Sulaimaan","Galveston","HIV","3"
"Murphy, Jacob","Saint Paul","Vaccine","1"
"Garcia, Taryn","Milwaukee","Wound","3"
"Polk, James","Greenwich","HIV","3"
"al-Masood, Razeena","Jersey City","Cardio","3"
"Riefstahl, Katherine","Fort Worth","HIV","2"
"Jackson, Sade","Scranton","HIV","3"
"Stebbins, Adel","Greenville","Oncology","2"
"al-Farid, Muhyddeen","Ann Arbor","Renal","3"
"Kleinkopf, Shadae Lisette","Greenville","Oncology","3"
"al-Rahmani, Neeshaan","Westchester","Cardio","2"
"Carson, Rhiannon","Galveston","Wound","1"
"Kauffmann, Dustin","Saint Paul","Wound","3"
"Topping, Marva","Scranton","Wound","2"
"Mabry, Jaylen","Irvine","Wound","2"
"al-Rauf, Unais","Norfolk","Cardio","3"
"Matuszak, Sarah","Alberquerque","Immuno","3"
"Kim, Alimansar","Boston","HIV","2"
"De Giorgio, David","New York City","Vaccine","2"
"Kim, Asa","Sacramento","Vaccine","2"
"Barela-Sandoval, Nancy","New York City","Diabetes","2"
"Farah, Savannah","Norfolk","Cardio","6"
"el-Javid, Sabaaha","Norfolk","Immuno","3"
"al-Dawood, Shawqi","Decatur","Cardio","2"
"Felden, Kyle","Irvine","Vaccine","2"
"Hasegawa, Akiyoshi","Boston","Immuno","1"
"Garrett, Kayla","Jersey City","Oncology","2"
"Martinez, Taraleah","Orlando","Renal","3"
"al-Halim, Jawhar","Norfolk","Cardio","3"
"Garcia, Yamilex","New York City","Diabetes","2"
"Chavez, Dahlia","Norfolk","Cardio","2"
"Ramirez Banuelos, Bianca","Boston","Immuno","1"
"Hinojos Orozco, Elvia","San Antonio","Cardio","3"
"Cereceres, Jay","Milwaukee","Neuro","3"
"Pace, Justin","Decatur","Neuro","3"
"Ainsworth, Danni","Scranton","Gastro","2"
"West, Joseph","New York City","Oncology","2"
"Johnson, Parker","Decatur","Neuro","3"
"al-Siddique, Tayyib","Sacramento","Diabetes","1"
"al-Minhas, Arafaat","Milwaukee","Cardio","2"
"Duong, Ryan","Milwaukee","Cardio","2"
"Benitez-Reyes, Christopher","Ann Arbor","Neuro","3"
"Iron Cloud-Gresko, Bradford","San Antonio","Immuno","1"
"Garcia, Austin","New York City","HIV","2"
"Saqib, Adam","Milwaukee","Diabetes","3"
"Woldu, Keiarah","New York City","Gastro","2"
"Drozdowski, Richard","Decatur","HIV","3"
"Jensen, Angelo","Greenwich","HIV","3"
"el-Ashraf, Humaira","Norfolk","Neuro","6"
"Harbert, Janei","Norfolk","Diabetes","2"
"el-Noori, Hudhaifa","Milwaukee","Renal","2"
"Harrison, Kelley","Decatur","Immuno","5"
"Wong, Irena","San Diego","Oncology","2"
"Leal-Lopez, Shauntasia","Fort Worth","HIV","1"
"Carter, Joshua","Norfolk","Cardio","2"
"el-Hafeez, Rafeeda","Fort Worth","HIV","6"
"Halverson, Mckenzie","Scranton","Diabetes","2"
"Siddiqui, Tommy","New York City","Diabetes","2"
"Smith, Alexis","New York City","Diabetes","5"
"Archuleta, Teresa","Milwaukee","Cardio","2"
"Quintana, Laura","San Antonio","Immuno","1"
"Fiddelke, Natalie","San Antonio","Immuno","1"
"Belmont, Alex","Milwaukee","Immuno","3"
"Eastman, Brianna","Jersey City","Vaccine","3"
"Ortiz, Leonel","Scranton","Wound","3"
"Heilman, Sharah","Jersey City","HIV","5"
"Mercurio, Aaron","Jersey City","Cardio","2"
"Marquez, Tosha","New York City","Cardio","6"
"Wang, Guang","New York City","Diabetes","2"
"Fuentes, Hector","New York City","Renal","2"
"Katamaneni, Emily","San Diego","Cardio","2"
"Williams, Kijana","Cincinatti","HIV","3"
"May, Randy","New York City","Oncology","2"
"Faulhaber, Skilah","Irvine","Vaccine","6"
"Brown, Bria","Alberquerque","Oncology","2"
"Bullock, Kayla","Ann Arbor","HIV","1"
"Iron Cloud, Kayla","Scranton","HIV","2"
"Flores Diaz, Melissa","New York City","Renal","3"
"Woodard, Zacharee","Boston","Vaccine","1"
"Kim, Joseph","Des Moines","HIV","3"
"Mckay, Samuel","Ann Arbor","Wound","3"
"al-Aly, Umair","Boston","Wound","5"
"Galvan, Luis","New York City","Oncology","1"
"al-Ashraf, Daleel","Fort Worth","HIV","3"
"White, Dominick","Fort Worth","HIV","3"
"Lanza, Glen","Ann Arbor","Cardio","2"
"Morris, Mattiea","Jersey City","Oncology","5"
"Flores Benitez, Teresa","New York City","Oncology","2"
"Hulstrom, Quadayzia","Greenwich","HIV","3"
"Leon, David","Fort Worth","HIV","3"
"Ellis, Rito","Greenwich","Renal","3"
"Reddy, Kelly","Jersey City","Cardio","2"
"Conway, London","New York City","Immuno","1"
"Dickinson, Chimi","Greenwich","Immuno","1"
"Ortiz, Joseph","Boston","Gastro","2"
"el-Jan, Mahmooda","Decatur","Neuro","1"
"el-Sarah, Zumruda","New York City","Diabetes","2"
"Mark, Samantha","Sacramento","Diabetes","5"
"Durham, Jerianne","Jersey City","Immuno","2"
"Davis, Keyonna","Decatur","HIV","3"
"Zahir, Sunya","Decatur","Immuno","3"
"Martinez, Nicole","Milwaukee","Renal","2"
"Chapman, Khanh","Norfolk","Cardio","2"
"Modi, Marielle","Irvine","Oncology","1"
"Tsegay, Brandon","Orlando","Diabetes","2"
"Brown, Krystal","Milwaukee","Wound","1"
"Gibbs, De Ja","Sacramento","HIV","3"
"Ishizuki, Vincent","Irvine","Oncology","5"
"al-Alam, Firdaus","Alberquerque","Diabetes","2"
"el-Hashim, Shafee'a","Westchester","Cardio","3"
"Lee, Qin Qin","Fort Worth","HIV","2"
"Martinez, Maribel","San Antonio","Cardio","3"
"Riplie Jr, Matthew","Boston","Cardio","6"
"Gabel, Alexandra","New York City","Diabetes","4"
"Bundy, Christoffer","Milwaukee","Renal","2"
"Mckenzie, Andy","Sacramento","Cardio","6"
"Mcdowell, Nicole","Scranton","Diabetes","6"
"Ortiz, Joshua","Sacramento","Diabetes","1"
"Larry, Sirdushene","Jersey City","HIV","3"
"Leist, Brooke","Jersey City","Immuno","1"
"Sweetwater, Jordan","New York City","HIV","1"
"Rodriguez, Alvaro","New York City","Wound","2"
"el-Huda, Fawwaaz","San Diego","Cardio","3"
"Ransom, Mequila","Norfolk","Renal","1"
"Parker, Megan","Westchester","Cardio","2"
"Lee, Linda","Des Moines","HIV","3"
"Schonher, Katie","Fort Worth","HIV","3"
"Mccay, Colby","New York City","HIV","6"
"al-Baig, Shahaada","Orlando","Diabetes","6"
"Begay, Nathaniel","Greenwich","Vaccine","5"
"Zamora, Jesse","Irvine","Gastro","1"
"Bustos, Tony","San Antonio","Neuro","1"
"Cox, Josiah","Norfolk","Cardio","5"
"Garcia, Shaana","New York City","Diabetes","4"
"Rodasta, Jessica","Milwaukee","Immuno","3"
"Wallace, Bailey","Irvine","Diabetes","2"
"Grainda, Kaylina","New York City","Diabetes","2"
"Hoang, Alexander","Decatur","Immuno","6"
"Byrnes, Destinee","Sacramento","Immuno","3"
"Schweitzer, Ashley","San Diego","Renal","3"
"Cordova, Randolph","Saint Paul","Immuno","1"
"Williams, Andre","Kansas City","Cardio","2"
"Nichols, Rudolph","Norfolk","Cardio","2"
"Lucas, Ian","Jersey City","Diabetes","5"
"Kim, Jeana","New York City","Diabetes","3"
"Woodrum, Christopher","San Antonio","Neuro","3"
"Hartman, Niki","Portland","Diabetes","1"
"Sater, Aaneer","Harrisburg","HIV","3"
"al-Wahab, Raadiya","Norfolk","Wound","3"
"Sutliff, Austin","Alberquerque","Diabetes","2"
"Rodgers, Claire","Boston","Vaccine","1"
"el-Kaba, Nuzha","Orlando","Vaccine","2"
"el-Demian, Safwa","Scranton","Diabetes","2"
"Dehn, Deion","Boston","Vaccine","2"
"Wright, Evan","Greenwich","Renal","2"
"Kane, Timothy","New York City","HIV","3"
"Bohannon Pea, Kaela","Milwaukee","Cardio","5"
"Nordby, Christian","Milwaukee","HIV","2"
"Brown, Christopher","Norfolk","Diabetes","5"
"Campana, Elizabeth","Milwaukee","Renal","3"
"Dutchie, Rowtinya","Boston","Gastro","2"
"Slofkiss, Riley","Boston","Vaccine","2"
"Le, Melanie","Portland","Cardio","2"
"Nguyen, Hanna","Galveston","HIV","3"
"al-Hallal, Haani","New York City","Oncology","1"
"Doyle, Elise","Norfolk","Cardio","5"
"Hut, Brandon","Decatur","Immuno","1"
"Carrillo, Mario","San Diego","Oncology","2"
"Rodriguez, Maria","Milwaukee","Immuno","1"
"Wilson, Monique","Fort Worth","HIV","3"
"Tran, Akshat","Norfolk","Renal","2"
"Kelly, Adedotun","Cincinatti","Cardio","3"
"Salazar, Kanani","Westchester","Vaccine","3"
"Tunnell, Alexah","Norfolk","Renal","3"
"Nakai, Alexis","New York City","Diabetes","4"
"Kuge, Batoul","Norfolk","Cardio","3"
"Zabalza, Maria","Ann Arbor","HIV","6"
"Netsanet, Armound","Norfolk","Cardio","3"
"Strasburger, Andrea","Fort Worth","HIV","3"
"Smith, Chinau","Greenville","Immuno","1"
"el-Qazi, Hanoona","Portland","Oncology","3"
"el-Momin, Burhaan","Boston","HIV","2"
"Howard, Cora","Kansas City","Cardio","2"
"Merrow, Kassandra","New York City","Cardio","3"
"Wilson, Emma","San Diego","HIV","3"
"Martinez, Alexandro","San Diego","Cardio","2"
"Xanoubane, Alexandra","Decatur","Neuro","1"
"Mason, Angel","Ann Arbor","Renal","3"
"Layden, Robert","Norfolk","Cardio","2"
"Nelson, Jonte","Jersey City","Immuno","6"
"Houston, Gladys","Harrisburg","HIV","3"
"Dye, David","Cambridge","Vaccine","1"
"Domingo, Chuan-Kun","San Antonio","Cardio","2"
"Parsons, Zoe","Milwaukee","Wound","3"
"Archuleta III, Joshua","San Antonio","Neuro","1"
"el-Harroun, Raadiya","Kansas City","Gastro","3"
"Adams, Marina","Norfolk","HIV","3"
"al-Abdullah, Jaasir","New York City","Diabetes","3"
"Fogg, Alangkrita","Milwaukee","Vaccine","1"
"Williams, Dante","Greenwich","Immuno","3"
"Moton, Sha-Rheya","San Diego","Renal","3"
"al-Malak, Nahla","Sacramento","Oncology","1"
"Williams, Nathan","Westchester","HIV","3"
"Warren, Brianna","Milwaukee","HIV","6"
"Harget, Kayla","New York City","Diabetes","5"
"Divecchia, Kimberly","Orlando","Immuno","3"
"Hammond, Jordan","New York City","Wound","2"
"Booker, Gregory","Norfolk","Cardio","6"
"King, Kyle","Norfolk","Cardio","6"
"Contreras, Ariana","Irvine","Immuno","6"
"al-Aboud, Radiyya","New York City","Diabetes","2"
"Carey, April","Sacramento","Gastro","3"
"Tavares Gomes, Marcus","San Antonio","Oncology","5"
"Gonzalez, Kilikina","Fort Worth","HIV","2"
"el-Lodi, Nabeeha","Milwaukee","HIV","3"
"Molock-Sanders, Eustace","Galveston","Neuro","3"
"Baria, Yajaira","Boston","Renal","3"
"Jones, Madison","Norfolk","Immuno","1"
"Mata Gutierrez, Jose","Greenville","Vaccine","2"
"Ball, Jacob","New York City","Rare","7+"
"el-Mansour, Mahdi","New York City","Diabetes","4"
"Griego, Jadon","San Diego","Oncology","2"
"Aguirre, Melissa","Sacramento","Diabetes","2"
"Gutierrez, Michelle","Albany","Rare","7+"
"Hamner, Ashlee","Orlando","Immuno","3"
"Garcia, Jacob","San Antonio","Wound","1"
"Nieto, Agustine","San Diego","Renal","3"
"Caruso, Kayla","San Diego","Oncology","2"
"Nava, Phillip","Sacramento","Immuno","1"
"Kim, Sendy","New York City","Cardio","2"
"Horton, Alura","Greenwich","Immuno","1"
"Leng, Mattjoo","Scranton","Diabetes","2"
"Ortiz, Karen","San Antonio","Neuro","3"
"Lehi, Kirsten","Kansas City","HIV","2"
"Nowalk Jr, Alicia","New York City","Cardio","2"
"Chavarin, Alex","Norfolk","Cardio","5"
"Barcenas-Quiroz, Amanda","Milwaukee","Cardio","5"
"Burton, Kedrick","San Diego","Oncology","1"
"Seiler, Shelby","Milwaukee","Cardio","3"
"Vongphackdy, Amanda","San Diego","Oncology","5"
"Silverston, Michaela","Fort Worth","HIV","3"
"Bemnet, Boyd","Jersey City","Cardio","2"
"Johnson, Darrin","Norfolk","HIV","2"
"Tovar-Loaiza, Esteidi","New York City","Vaccine","1"
"Fredericks, Shalisha","New York City","Wound","2"
"Clark, Kayla","Portland","Oncology","5"
"Griffin, Ian","New York City","Diabetes","6"
"Navajo, Sage","Milwaukee","HIV","4"
"Smith, Jensen","New York City","HIV","2"
"el-Majid, Shakoora","Boston","Immuno","1"
"Hamlet, Richard","Decatur","Neuro","1"
"Hardin, Julian","Ann Arbor","Renal","3"
"Brutout, Cody","San Antonio","HIV","3"
"Allen, April","Sacramento","Oncology","2"
"Gutierrez-Ramirez, Carina","San Antonio","Immuno","3"
"Teuton, Anasthasia","Scranton","Wound","3"
"Cheung, Yuvorn","Alberquerque","Immuno","1"
"el-Huq, Badri","New York City","Vaccine","2"
"el-Turay, Lutfiyya","Decatur","HIV","3"
"Chism, Tanisha","New York City","Diabetes","2"
"Williams, Jared","Jersey City","Gastro","1"
"Blackmond, Daniel","Norfolk","Vaccine","3"
"Nguyen, Amy","Fort Worth","HIV","2"
"al-Shehadeh, Haakima","Decatur","HIV","6"
"Widaa, Lavall","Norfolk","Cardio","2"
"Moore, Jordan","Jersey City","Cardio","2"
"Coakley, Jared","Sacramento","Renal","3"
"al-Salame, Mahbooba","New York City","Diabetes","4"
"Medina, Sabastian","Milwaukee","Immuno","2"
"el-Ghazi, Saajid","Fort Worth","HIV","3"
"Son, Andrew","Milwaukee","Wound","2"
"Claypool, Jordan","Orlando","Immuno","3"
"al-Arshad, Rutaiba","Jersey City","Vaccine","3"
"Canada, Darian","Decatur","Cardio","3"
"Butcher, Kolten","Decatur","Diabetes","4"
"Hedberg, Jennifer","Jersey City","Immuno","1"
"Haswell, Benjamin","Sacramento","Cardio","2"
"Grimm, Thomas","New York City","Diabetes","5"
"Nguyen, Sanna","Westchester","Wound","1"
"Drury-Parlett, Alex","Boston","Renal","3"
"al-Mitri, Safwa","New York City","Renal","2"
"Shaw, De Jilon","Norfolk","Renal","6"
"Paskemin, Natelle Rae","Norfolk","Cardio","3"
"el-Molla, Tamanna","Akron","Cardio","2"
"Cly, Shawn","Irvine","HIV","5"
"Liberto, Dillon","New York City","Renal","3"
"al-Rassi, Razeen","Orlando","Cardio","3"
"Jackson, Robert","Alberquerque","Immuno","1"
"al-Shad, Shaqeeq","San Diego","Cardio","2"
"el-Kaiser, Sulama","Galveston","HIV","3"
"Lara-Rodriguez, Steven","Kansas City","Immuno","3"
"Gonzalez, Francisco","Norfolk","HIV","2"
"Leon, Jimmy","Spokane","Vaccine","2"
"Boh, Kimberly","Norfolk","Cardio","3"
"al-Khalaf, Awda","San Diego","Vaccine","2"
"el-Gad, Zahra","Alberquerque","HIV","2"
"Percell, Joshua","Portland","HIV","5"
"Lapaz, Tazz","Westchester","Renal","1"
"Lorenzo, Alessa","Scranton","Cardio","2"
"Barela, Jackie","New York City","Immuno","2"
"Roubideaux, Christy","Norfolk","Cardio","3"
"Trevizo Ortiz, Cassandra","Milwaukee","HIV","2"
"Yonkaitis, Victoria","Alberquerque","Immuno","1"
"Cambigue, Keegan","Milwaukee","HIV","3"
"Sandoval, Ryan","Sacramento","Diabetes","2"
"el-Ahmed, Munsif","New York City","Gastro","2"
"Yamashita, Emma","San Diego","Immuno","3"
"Son, Xia","Milwaukee","Renal","3"
"Barela, Jamie Lee","Jersey City","Immuno","1"
"Jones, Cade","Sacramento","Immuno","3"
"Grossetete, Dilan","Alberquerque","Immuno","1"
"Johnson, Avey","Galveston","HIV","3"
"al-Mahmood, Nu'ma","Boston","Wound","6"
"Robinson, Dylon","Irvine","Renal","3"
"Davis, Rio","New York City","Oncology","3"
"Russell, Aaron","Kansas City","Neuro","3"
"Aguilar, Miranda","Fort Worth","HIV","2"
"el-Shehata, Ameer","Milwaukee","Immuno","3"
"Vivens, Shawnae","Norfolk","Cardio","5"
"el-Jaffer, Ruqayya","New York City","Diabetes","2"
"Galera, Sasha","Orlando","Gastro","2"
"Whitt, Jordan","Westchester","Vaccine","6"
"al-Yassin, Tamanna","Cincinatti","HIV","3"
"Ortiz, Anastacia","Cambridge","Vaccine","2"
"Kennedy, Paul","New York City","Diabetes","1"
"Acosta, Ana","San Antonio","Neuro","3"
"English, Jazmine","New York City","HIV","6"
"Ellis, Gavin","Greenville","Oncology","2"
"Armijo, Edgar","San Antonio","Neuro","3"
"Proctor, Connor","New York City","Diabetes","4"
"Buckner, Destinee","Boston","Vaccine","2"
"Tripathi, Horatio","Milwaukee","Oncology","5"
"Steele, Vela","Norfolk","Cardio","2"
"Snelling, Peyton","Norfolk","Cardio","5"
"el-Nazar, Akram","Scranton","HIV","3"
"al-Meskin, Khulood","Sacramento","Rare","7+"
"Barkey, Jayna","Decatur","Immuno","3"
"Mead, John-Wesley","New York City","Rare","7+"
"Rocha, Elijah","Boston","Cardio","5"
"Frayre Contreras, Cynthia","Alberquerque","Diabetes","4"
"Mixon, Breanna","Boston","Immuno","1"
"Draper, Hannah","Alberquerque","Neuro","2"
"Swedell, Cassandra","Orlando","Immuno","3"
"Thorne, Zakkary","Saint Paul","Oncology","2"
"Mosher, Blake","Decatur","HIV","4"
"Maldonado, Alan","Irvine","Oncology","1"
"Lynn, Lauren","Alberquerque","HIV","3"
"al-Ameen, Rida","New York City","Vaccine","6"
"Abram, Haylee","Spokane","HIV","3"
"Hernandez, Gabriela","New York City","HIV","2"
"Hunt, Alexandrea","Saint Paul","Cardio","2"
"Wilbon, Rodney","Milwaukee","HIV","3"
"Jordan, Ciera","Irvine","Renal","3"
"Sebastiani, Brianna","Sacramento","Resp","5"
"Naftel, Elaine","Westchester","Vaccine","2"
"el-Fahs, Uthmaa N","Irvine","Vaccine","6"
"Young, Spencer","Fort Worth","HIV","3"
"Ironwing, Tristan","Harrisburg","Gastro","5"
"Holland, Ryan","New York City","Oncology","3"
"Grohman, Shelby","Jersey City","Renal","2"
"Cereceres, Taiyler","Irvine","Diabetes","2"
"Duran, Kyra","Sacramento","Rare","7+"
"Marquez, Bryan","New York City","Diabetes","2"
"Sroka, Dustie","New York City","Cardio","3"
"Gonzales, Ian","New York City","Diabetes","2"
"Salaz, Mariah","Norfolk","HIV","3"
"el-Sinai, Husaam","New York City","Wound","2"
"Neal, Beauty","Milwaukee","Renal","3"
"al-Rad, Kulthum","Norfolk","Oncology","6"
"Hernandez, Alejandra","Boise","Diabetes","5"
"el-Selim, Waleeda","Milwaukee","Vaccine","1"
"Burd, Aiko","Milwaukee","Cardio","5"
"Boyd, Brandon","Alberquerque","Immuno","2"
"Salinas, Christian","Jersey City","Immuno","1"
"Danielson, Stevie","Scranton","Gastro","7"
"Wagoner, Joshua","San Antonio","Neuro","2"
"el-Arafat, Faadi","Irvine","Gastro","5"
"Mcmaster, Judah","Galveston","Rare","7+"
"Sifuentes, Dmitri","Milwaukee","HIV","6"
"Rizvi, Anirudh","Orlando","Renal","5"
"Miranda, Cyndee","Sacramento","Rare","7+"
