"from","to","weight"
"ChrisCoons","ChrisMurphyCT",2
"ChrisCoons","ChrisVanHollen",1
"ChrisCoons","ChuckGrassley",4
"ChrisCoons","JerryMoran",1
"ChrisCoons","JohnCornyn",9
"ChrisCoons","LindseyGrahamSC",1
"ChrisCoons","marcorubio",1
"ChrisCoons","MartinHeinrich",1
"ChrisCoons","maziehirono",4
"ChrisCoons","ossoff",1
"ChrisCoons","RonWyden",1
"ChrisCoons","RoyBlunt",2
"ChrisCoons","SenAlexPadilla",1
"ChrisCoons","SenAmyKlobuchar",2
"ChrisCoons","SenAngusKing",2
"ChrisCoons","SenatorBaldwin",1
"ChrisCoons","SenatorBraun",3
"ChrisCoons","SenatorCarper",14
"ChrisCoons","SenatorCollins",2
"ChrisCoons","SenatorDurbin",2
"ChrisCoons","SenatorHick",1
"ChrisCoons","SenatorLujan",5
"ChrisCoons","SenatorMenendez",3
"ChrisCoons","SenatorRisch",1
"ChrisCoons","SenatorSinema",3
"ChrisCoons","SenatorTimScott",2
"ChrisCoons","SenatorWarnock",1
"ChrisCoons","SenatorWicker",2
"ChrisCoons","SenBillCassidy",3
"ChrisCoons","SenDanSullivan",3
"ChrisCoons","SenDuckworth",4
"ChrisCoons","SenFeinstein",3
"ChrisCoons","SenJeffMerkley",1
"ChrisCoons","SenKevinCramer",1
"ChrisCoons","SenMarkey",6
"ChrisCoons","senrobportman",3
"ChrisCoons","SenSchumer",3
"ChrisCoons","SenSherrodBrown",2
"ChrisCoons","SenThomTillis",6
"ChrisCoons","SenTinaSmith",2
"ChrisCoons","SenWhitehouse",5
"ChrisCoons","timkaine",1
"ChrisMurphyCT","ChrisCoons",2
"ChrisMurphyCT","ChuckGrassley",2
"ChrisMurphyCT","CoryBooker",12
"ChrisMurphyCT","JohnCornyn",14
"ChrisMurphyCT","LindseyGrahamSC",1
"ChrisMurphyCT","MarshaBlackburn",1
"ChrisMurphyCT","MartinHeinrich",5
"ChrisMurphyCT","ossoff",2
"ChrisMurphyCT","PattyMurray",2
"ChrisMurphyCT","Sen_JoeManchin",2
"ChrisMurphyCT","SenAlexPadilla",2
"ChrisMurphyCT","SenAngusKing",1
"ChrisMurphyCT","SenatorCollins",2
"ChrisMurphyCT","SenatorDurbin",6
"ChrisMurphyCT","SenatorLeahy",1
"ChrisMurphyCT","SenatorShaheen",7
"ChrisMurphyCT","SenatorSinema",6
"ChrisMurphyCT","SenatorTester",1
"ChrisMurphyCT","SenBillCassidy",6
"ChrisMurphyCT","SenBlumenthal",15
"ChrisMurphyCT","SenGillibrand",1
"ChrisMurphyCT","SenJackReed",1
"ChrisMurphyCT","SenJoniErnst",1
"ChrisMurphyCT","SenMarkey",2
"ChrisMurphyCT","SenMikeLee",1
"ChrisMurphyCT","senrobportman",3
"ChrisMurphyCT","SenSchumer",1
"ChrisMurphyCT","SenThomTillis",7
"ChrisMurphyCT","SenToomey",4
"ChrisMurphyCT","SenWarren",1
"ChrisMurphyCT","timkaine",2
"ChrisVanHollen","ChrisCoons",1
"ChrisVanHollen","ChrisMurphyCT",8
"ChrisVanHollen","MarkWarner",1
"ChrisVanHollen","MartinHeinrich",1
"ChrisVanHollen","RonWyden",1
"ChrisVanHollen","RoyBlunt",1
"ChrisVanHollen","SenAlexPadilla",1
"ChrisVanHollen","SenatorCantwell",1
"ChrisVanHollen","SenatorCardin",17
"ChrisVanHollen","SenatorCarper",2
"ChrisVanHollen","SenatorFischer",1
"ChrisVanHollen","SenatorLujan",4
"ChrisVanHollen","SenatorMenendez",1
"ChrisVanHollen","SenatorWarnock",1
"ChrisVanHollen","SenBlumenthal",2
"ChrisVanHollen","SenBobCasey",2
"ChrisVanHollen","SenCapito",2
"ChrisVanHollen","SenDanSullivan",2
"ChrisVanHollen","SenGaryPeters",1
"ChrisVanHollen","SenHydeSmith",1
"ChrisVanHollen","SenJeffMerkley",1
"ChrisVanHollen","SenJoniErnst",2
"ChrisVanHollen","SenMarkey",6
"ChrisVanHollen","senrobportman",1
"ChrisVanHollen","SenSanders",1
"ChrisVanHollen","SenSchumer",2
"ChrisVanHollen","SenSherrodBrown",3
"ChrisVanHollen","SenThomTillis",1
"ChrisVanHollen","SenToddYoung",1
"ChrisVanHollen","SenToomey",3
"ChrisVanHollen","SenWarren",1
"ChrisVanHollen","SenWhitehouse",8
"CoryBooker","ChrisMurphyCT",63
"CoryBooker","JimInhofe",1
"CoryBooker","MartinHeinrich",2
"CoryBooker","ossoff",10
"CoryBooker","RonWyden",1
"CoryBooker","SenAlexPadilla",1
"CoryBooker","SenatorBennet",1
"CoryBooker","SenatorLujan",1
"CoryBooker","SenatorTester",1
"CoryBooker","SenGillibrand",10
"CoryBooker","senrobportman",1
"CoryBooker","SenSchumer",1
"CoryBooker","SenStabenow",2
"CoryBooker","SenToddYoung",2
"HawleyMO","marcorubio",1
"HawleyMO","SenGillibrand",1
"HawleyMO","SenMikeLee",5
"JerryMoran","ChrisMurphyCT",2
"JerryMoran","JimInhofe",2
"JerryMoran","JohnBoozman",6
"JerryMoran","MartinHeinrich",1
"JerryMoran","RoyBlunt",10
"JerryMoran","SenAmyKlobuchar",1
"JerryMoran","SenatorBaldwin",2
"JerryMoran","SenatorBennet",2
"JerryMoran","SenatorBraun",3
"JerryMoran","SenatorCantwell",1
"JerryMoran","SenatorCarper",1
"JerryMoran","SenatorDurbin",1
"JerryMoran","SenatorFischer",2
"JerryMoran","SenatorLankford",1
"JerryMoran","SenatorRisch",1
"JerryMoran","SenatorRounds",1
"JerryMoran","SenatorShaheen",1
"JerryMoran","SenatorTester",19
"JerryMoran","SenatorTimScott",4
"JerryMoran","SenatorWarnock",1
"JerryMoran","SenatorWicker",1
"JerryMoran","SenBlumenthal",13
"JerryMoran","SenBobCasey",2
"JerryMoran","SenCapito",2
"JerryMoran","SenCortezMasto",1
"JerryMoran","SenDuckworth",2
"JerryMoran","SenJackReed",1
"JerryMoran","SenJackyRosen",4
"JerryMoran","SenJeffMerkley",1
"JerryMoran","SenJohnThune",1
"JerryMoran","SenJoniErnst",4
"JerryMoran","SenLummis",3
"JerryMoran","SenMikeLee",1
"JerryMoran","SenRonJohnson",1
"JerryMoran","SenSasse",1
"JerryMoran","SenSchumer",1
"JerryMoran","SenSherrodBrown",2
"JerryMoran","SenTedCruz",1
"JerryMoran","SenThomTillis",2
"JerryMoran","SenToddYoung",2
"JerryMoran","SenToomey",1
"JerryMoran","SteveDaines",3
"JerryMoran","timkaine",1
"JimInhofe","ChrisCoons",1
"JimInhofe","ChuckGrassley",1
"JimInhofe","JohnCornyn",1
"JimInhofe","marcorubio",1
"JimInhofe","MarshaBlackburn",1
"JimInhofe","MikeCrapo",2
"JimInhofe","SenAngusKing",2
"JimInhofe","SenatorBraun",3
"JimInhofe","SenatorBurr",1
"JimInhofe","SenatorFischer",1
"JimInhofe","SenatorHagerty",1
"JimInhofe","SenatorLankford",10
"JimInhofe","SenatorLeahy",2
"JimInhofe","SenatorMenendez",2
"JimInhofe","SenatorRisch",9
"JimInhofe","SenatorRounds",1
"JimInhofe","SenatorSinema",1
"JimInhofe","SenatorTimScott",1
"JimInhofe","SenatorWicker",1
"JimInhofe","SenCapito",5
"JimInhofe","SenCortezMasto",1
"JimInhofe","SenHydeSmith",1
"JimInhofe","SenJackReed",5
"JimInhofe","SenJackyRosen",1
"JimInhofe","SenJohnBarrasso",1
"JimInhofe","SenJohnThune",3
"JimInhofe","SenJoniErnst",1
"JimInhofe","SenKevinCramer",2
"JimInhofe","SenRickScott",1
"JimInhofe","senrobportman",2
"JimInhofe","SenRonJohnson",1
"JimInhofe","SenSchumer",10
"JimInhofe","SenShelby",2
"JimInhofe","SenSherrodBrown",1
"JimInhofe","SenTedCruz",3
"JimInhofe","SenThomTillis",3
"JimInhofe","SenToddYoung",1
"JimInhofe","SenToomey",1
"JimInhofe","SenWhitehouse",1
"JimInhofe","SteveDaines",5
"JohnBoozman","JerryMoran",2
"JohnBoozman","JohnCornyn",2
"JohnBoozman","marcorubio",2
"JohnBoozman","MartinHeinrich",1
"JohnBoozman","maziehirono",1
"JohnBoozman","MikeCrapo",1
"JohnBoozman","SenatorCarper",1
"JohnBoozman","SenatorCollins",1
"JohnBoozman","SenatorHagerty",5
"JohnBoozman","SenatorLankford",2
"JohnBoozman","SenatorSinema",1
"JohnBoozman","SenatorTester",2
"JohnBoozman","SenatorTimScott",1
"JohnBoozman","SenCapito",2
"JohnBoozman","SenHydeSmith",3
"JohnBoozman","SenJackyRosen",1
"JohnBoozman","SenJohnKennedy",4
"JohnBoozman","SenJohnThune",6
"JohnBoozman","SenJoniErnst",2
"JohnBoozman","SenMikeLee",1
"JohnBoozman","SenRonJohnson",1
"JohnBoozman","SenStabenow",9
"JohnBoozman","SenTomCotton",26
"JohnBoozman","SteveDaines",1
"JohnCornyn","ChrisCoons",4
"JohnCornyn","ChuckGrassley",4
"JohnCornyn","JerryMoran",1
"JohnCornyn","JohnBoozman",5
"JohnCornyn","marcorubio",2
"JohnCornyn","MarshaBlackburn",4
"JohnCornyn","RonWyden",1
"JohnCornyn","Sen_JoeManchin",4
"JohnCornyn","SenAlexPadilla",1
"JohnCornyn","SenAmyKlobuchar",2
"JohnCornyn","SenAngusKing",1
"JohnCornyn","SenatorBraun",2
"JohnCornyn","SenatorCardin",4
"JohnCornyn","SenatorCarper",2
"JohnCornyn","SenatorCollins",2
"JohnCornyn","SenatorHagerty",12
"JohnCornyn","SenatorHassan",1
"JohnCornyn","SenatorLeahy",2
"JohnCornyn","SenatorMenendez",2
"JohnCornyn","SenatorShaheen",3
"JohnCornyn","SenatorWarnock",1
"JohnCornyn","SenatorWicker",2
"JohnCornyn","SenBillCassidy",2
"JohnCornyn","SenBlumenthal",1
"JohnCornyn","SenDanSullivan",2
"JohnCornyn","SenFeinstein",2
"JohnCornyn","SenGaryPeters",1
"JohnCornyn","SenGillibrand",1
"JohnCornyn","SenHydeSmith",2
"JohnCornyn","SenJohnBarrasso",1
"JohnCornyn","SenMikeLee",1
"JohnCornyn","SenRickScott",3
"JohnCornyn","SenTedCruz",2
"JohnCornyn","SenThomTillis",4
"JohnCornyn","SenToddYoung",9
"JohnCornyn","SteveDaines",6
"JohnCornyn","timkaine",1
"LindseyGrahamSC","ChrisCoons",1
"LindseyGrahamSC","ChrisMurphyCT",2
"LindseyGrahamSC","ChrisVanHollen",2
"LindseyGrahamSC","ChuckGrassley",3
"LindseyGrahamSC","JerryMoran",1
"LindseyGrahamSC","JohnCornyn",2
"LindseyGrahamSC","marcorubio",1
"LindseyGrahamSC","MartinHeinrich",1
"LindseyGrahamSC","RonWyden",1
"LindseyGrahamSC","SenAmyKlobuchar",1
"LindseyGrahamSC","SenAngusKing",1
"LindseyGrahamSC","SenatorBaldwin",1
"LindseyGrahamSC","SenatorBurr",2
"LindseyGrahamSC","SenatorCardin",1
"LindseyGrahamSC","SenatorCollins",2
"LindseyGrahamSC","SenatorDurbin",1
"LindseyGrahamSC","SenatorLeahy",1
"LindseyGrahamSC","SenatorLujan",1
"LindseyGrahamSC","SenatorMenendez",2
"LindseyGrahamSC","SenatorShaheen",2
"LindseyGrahamSC","SenatorTimScott",1
"LindseyGrahamSC","SenBlumenthal",8
"LindseyGrahamSC","SenFeinstein",1
"LindseyGrahamSC","SenGillibrand",4
"LindseyGrahamSC","SenJohnBarrasso",1
"LindseyGrahamSC","SenJohnThune",3
"LindseyGrahamSC","SenJoniErnst",1
"LindseyGrahamSC","SenMikeLee",2
"LindseyGrahamSC","senrobportman",2
"LindseyGrahamSC","SenRonJohnson",2
"LindseyGrahamSC","SenSanders",2
"LindseyGrahamSC","SenSasse",2
"LindseyGrahamSC","SenTedCruz",3
"LindseyGrahamSC","SenThomTillis",1
"LindseyGrahamSC","SenTomCotton",4
"LindseyGrahamSC","SenWhitehouse",2
"lisamurkowski","ChrisCoons",4
"lisamurkowski","Sen_JoeManchin",18
"lisamurkowski","SenAngusKing",2
"lisamurkowski","SenatorCantwell",2
"lisamurkowski","SenatorCardin",2
"lisamurkowski","SenatorCollins",1
"lisamurkowski","SenatorDurbin",7
"lisamurkowski","SenatorLujan",2
"lisamurkowski","SenatorRisch",1
"lisamurkowski","SenatorRomney",1
"lisamurkowski","SenatorShaheen",1
"lisamurkowski","SenatorTester",1
"lisamurkowski","SenatorTimScott",1
"lisamurkowski","SenBobCasey",1
"lisamurkowski","SenBrianSchatz",2
"lisamurkowski","SenCortezMasto",1
"lisamurkowski","SenDanSullivan",20
"lisamurkowski","SenDuckworth",2
"lisamurkowski","SenFeinstein",6
"lisamurkowski","SenJackReed",1
"lisamurkowski","SenJackyRosen",2
"lisamurkowski","SenJoniErnst",6
"lisamurkowski","SenShelby",1
"lisamurkowski","SenThomTillis",1
"lisamurkowski","SenTinaSmith",1
"lisamurkowski","SenWhitehouse",2
"marcorubio","SenatorLujan",1
"marcorubio","SenGillibrand",1
"marcorubio","SenSanders",1
"marcorubio","SenSchumer",1
"MarkWarner","ChrisCoons",1
"MarkWarner","ChrisVanHollen",3
"MarkWarner","ChuckGrassley",3
"MarkWarner","JohnCornyn",1
"MarkWarner","marcorubio",3
"MarkWarner","maziehirono",2
"MarkWarner","RonWyden",1
"MarkWarner","SenatorBaldwin",2
"MarkWarner","SenatorBennet",2
"MarkWarner","SenatorCardin",2
"MarkWarner","SenatorCarper",1
"MarkWarner","SenatorCollins",1
"MarkWarner","SenatorFischer",1
"MarkWarner","SenatorHassan",1
"MarkWarner","SenatorHick",2
"MarkWarner","SenatorLujan",1
"MarkWarner","SenatorMenendez",5
"MarkWarner","SenatorShaheen",5
"MarkWarner","SenatorTester",8
"MarkWarner","SenatorTimScott",3
"MarkWarner","SenatorWarnock",4
"MarkWarner","SenatorWicker",1
"MarkWarner","SenBobCasey",1
"MarkWarner","SenCortezMasto",1
"MarkWarner","SenFeinstein",1
"MarkWarner","SenGaryPeters",2
"MarkWarner","SenHydeSmith",1
"MarkWarner","SenJackReed",3
"MarkWarner","SenMarkey",1
"MarkWarner","SenMarkKelly",2
"MarkWarner","senrobportman",1
"MarkWarner","SenSherrodBrown",3
"MarkWarner","SenStabenow",1
"MarkWarner","SenTinaSmith",7
"MarkWarner","SenToddYoung",2
"MarkWarner","SenWarren",4
"MarkWarner","SenWhitehouse",2
"MarkWarner","timkaine",28
"MarshaBlackburn","ChuckGrassley",4
"MarshaBlackburn","JimInhofe",1
"MarshaBlackburn","MikeCrapo",1
"MarshaBlackburn","RoyBlunt",1
"MarshaBlackburn","SenatorBraun",3
"MarshaBlackburn","SenatorHagerty",4
"MarshaBlackburn","SenatorMenendez",2
"MarshaBlackburn","SenatorRisch",1
"MarshaBlackburn","SenatorTimScott",1
"MarshaBlackburn","SenatorWicker",1
"MarshaBlackburn","SenBillCassidy",2
"MarshaBlackburn","SenBlumenthal",4
"MarshaBlackburn","SenBrianSchatz",1
"MarshaBlackburn","SenGaryPeters",1
"MarshaBlackburn","SenJohnThune",1
"MarshaBlackburn","SenJoniErnst",3
"MarshaBlackburn","SenKevinCramer",1
"MarshaBlackburn","SenMikeLee",1
"MarshaBlackburn","SenRickScott",2
"MarshaBlackburn","SenTedCruz",2
"MarshaBlackburn","SenThomTillis",1
"MarshaBlackburn","SenToddYoung",1
"MarshaBlackburn","SenTomCotton",1
"MartinHeinrich","ChrisMurphyCT",7
"MartinHeinrich","ChrisVanHollen",1
"MartinHeinrich","MarkWarner",2
"MartinHeinrich","PattyMurray",1
"MartinHeinrich","RonWyden",1
"MartinHeinrich","RoyBlunt",7
"MartinHeinrich","Sen_JoeManchin",1
"MartinHeinrich","SenAlexPadilla",2
"MartinHeinrich","SenatorBaldwin",2
"MartinHeinrich","SenatorBennet",4
"MartinHeinrich","SenatorCantwell",1
"MartinHeinrich","SenatorCardin",2
"MartinHeinrich","SenatorCarper",3
"MartinHeinrich","SenatorCollins",1
"MartinHeinrich","SenatorLujan",23
"MartinHeinrich","SenatorMenendez",2
"MartinHeinrich","SenatorRisch",3
"MartinHeinrich","SenatorShaheen",2
"MartinHeinrich","SenatorTester",5
"MartinHeinrich","SenBobCasey",1
"MartinHeinrich","SenBrianSchatz",2
"MartinHeinrich","SenCapito",1
"MartinHeinrich","SenJackyRosen",1
"MartinHeinrich","SenJohnHoeven",3
"MartinHeinrich","SenMarkey",4
"MartinHeinrich","SenRickScott",1
"MartinHeinrich","SenSchumer",5
"MartinHeinrich","SenTinaSmith",4
"MartinHeinrich","SenWarren",1
"MartinHeinrich","SenWhitehouse",13
"MartinHeinrich","timkaine",1
"maziehirono","ChrisCoons",5
"maziehirono","ChrisMurphyCT",4
"maziehirono","ChrisVanHollen",1
"maziehirono","ChuckGrassley",1
"maziehirono","JimInhofe",1
"maziehirono","JohnBoozman",1
"maziehirono","MarkWarner",2
"maziehirono","MartinHeinrich",2
"maziehirono","PattyMurray",6
"maziehirono","RonWyden",1
"maziehirono","SenAlexPadilla",6
"maziehirono","SenatorBaldwin",7
"maziehirono","SenatorBennet",5
"maziehirono","SenatorCantwell",3
"maziehirono","SenatorCardin",4
"maziehirono","SenatorCarper",2
"maziehirono","SenatorCollins",1
"maziehirono","SenatorDurbin",7
"maziehirono","SenatorHassan",4
"maziehirono","SenatorHick",5
"maziehirono","SenatorLeahy",1
"maziehirono","SenatorLujan",6
"maziehirono","SenatorMenendez",7
"maziehirono","SenatorShaheen",4
"maziehirono","SenatorTester",3
"maziehirono","SenatorWarnock",6
"maziehirono","SenBlumenthal",2
"maziehirono","SenBobCasey",2
"maziehirono","SenBrianSchatz",1
"maziehirono","SenCortezMasto",5
"maziehirono","SenDanSullivan",1
"maziehirono","SenDuckworth",23
"maziehirono","SenFeinstein",1
"maziehirono","SenGaryPeters",3
"maziehirono","SenJackReed",4
"maziehirono","SenJackyRosen",2
"maziehirono","SenJeffMerkley",6
"maziehirono","SenMarkey",1
"maziehirono","senrobportman",2
"maziehirono","SenSanders",1
"maziehirono","SenSchumer",19
"maziehirono","SenSherrodBrown",4
"maziehirono","SenStabenow",5
"maziehirono","SenTinaSmith",4
"maziehirono","SenWarren",6
"maziehirono","SenWhitehouse",1
"MikeCrapo","ChuckGrassley",16
"MikeCrapo","HawleyMO",1
"MikeCrapo","JerryMoran",3
"MikeCrapo","JohnBoozman",12
"MikeCrapo","JohnCornyn",9
"MikeCrapo","LindseyGrahamSC",2
"MikeCrapo","marcorubio",1
"MikeCrapo","MartinHeinrich",1
"MikeCrapo","RonWyden",6
"MikeCrapo","RoyBlunt",5
"MikeCrapo","SenatorBennet",3
"MikeCrapo","SenatorBraun",1
"MikeCrapo","SenatorBurr",2
"MikeCrapo","SenatorHagerty",5
"MikeCrapo","SenatorHassan",1
"MikeCrapo","SenatorLankford",6
"MikeCrapo","SenatorLujan",2
"MikeCrapo","SenatorRisch",75
"MikeCrapo","SenatorTester",1
"MikeCrapo","SenatorTimScott",13
"MikeCrapo","SenBillCassidy",4
"MikeCrapo","SenCapito",8
"MikeCrapo","SenDanSullivan",4
"MikeCrapo","SenFeinstein",1
"MikeCrapo","SenHydeSmith",4
"MikeCrapo","SenJackyRosen",1
"MikeCrapo","SenJohnBarrasso",9
"MikeCrapo","SenJohnHoeven",3
"MikeCrapo","SenJohnKennedy",2
"MikeCrapo","SenJohnThune",12
"MikeCrapo","SenJoniErnst",8
"MikeCrapo","SenKevinCramer",2
"MikeCrapo","SenLummis",3
"MikeCrapo","SenMikeLee",1
"MikeCrapo","SenRickScott",11
"MikeCrapo","senrobportman",4
"MikeCrapo","SenRonJohnson",1
"MikeCrapo","SenSchumer",1
"MikeCrapo","SenStabenow",1
"MikeCrapo","SenTedCruz",8
"MikeCrapo","SenThomTillis",5
"MikeCrapo","SenTinaSmith",1
"MikeCrapo","SenToddYoung",9
"MikeCrapo","SenToomey",6
"MikeCrapo","SenTuberville",2
"MikeCrapo","SenWhitehouse",3
"MikeCrapo","SteveDaines",3
"ossoff","ChrisMurphyCT",10
"ossoff","ChuckGrassley",5
"ossoff","MarkWarner",2
"ossoff","MartinHeinrich",4
"ossoff","PattyMurray",6
"ossoff","RonWyden",3
"ossoff","RoyBlunt",1
"ossoff","SenAlexPadilla",4
"ossoff","SenatorBaldwin",2
"ossoff","SenatorBraun",1
"ossoff","SenatorCarper",2
"ossoff","SenatorDurbin",2
"ossoff","SenatorHick",1
"ossoff","SenatorLeahy",1
"ossoff","SenatorTester",2
"ossoff","SenatorTimScott",2
"ossoff","SenatorWarnock",103
"ossoff","SenBillCassidy",3
"ossoff","SenCortezMasto",2
"ossoff","SenKevinCramer",1
"ossoff","SenMarkKelly",5
"ossoff","SenSchumer",4
"ossoff","SenWarren",3
"ossoff","SenWhitehouse",2
"ossoff","timkaine",4
"PattyMurray","ChrisCoons",2
"PattyMurray","ChrisMurphyCT",4
"PattyMurray","ChrisVanHollen",6
"PattyMurray","lisamurkowski",1
"PattyMurray","MartinHeinrich",2
"PattyMurray","maziehirono",5
"PattyMurray","ossoff",1
"PattyMurray","SenAlexPadilla",3
"PattyMurray","SenatorBaldwin",3
"PattyMurray","SenatorBurr",3
"PattyMurray","SenatorCantwell",1
"PattyMurray","SenatorCardin",4
"PattyMurray","SenatorCarper",4
"PattyMurray","SenatorHassan",4
"PattyMurray","SenatorHick",2
"PattyMurray","SenatorLujan",4
"PattyMurray","SenatorMenendez",3
"PattyMurray","SenatorShaheen",6
"PattyMurray","SenatorTester",2
"PattyMurray","SenatorWarnock",6
"PattyMurray","SenBlumenthal",3
"PattyMurray","SenBobCasey",7
"PattyMurray","SenCortezMasto",7
"PattyMurray","SenDuckworth",3
"PattyMurray","SenFeinstein",3
"PattyMurray","SenJackyRosen",4
"PattyMurray","SenJeffMerkley",5
"PattyMurray","SenMarkey",2
"PattyMurray","SenSchumer",5
"PattyMurray","SenSherrodBrown",2
"PattyMurray","SenStabenow",2
"PattyMurray","SenTinaSmith",1
"PattyMurray","SenWarren",11
"RandPaul","CoryBooker",1
"RandPaul","marcorubio",1
"RandPaul","MarshaBlackburn",1
"RandPaul","SenatorBraun",3
"RandPaul","SenatorTimScott",1
"RandPaul","SenJohnKennedy",2
"RandPaul","SenJoniErnst",1
"RandPaul","SenMikeLee",5
"RandPaul","SenRonJohnson",3
"RandPaul","SenSchumer",1
"RandPaul","SteveDaines",2
"RonWyden","ChrisVanHollen",4
"RonWyden","ChuckGrassley",2
"RonWyden","JerryMoran",3
"RonWyden","MartinHeinrich",2
"RonWyden","MikeCrapo",4
"RonWyden","ossoff",1
"RonWyden","PattyMurray",1
"RonWyden","SenAlexPadilla",1
"RonWyden","SenAngusKing",2
"RonWyden","SenatorBennet",2
"RonWyden","SenatorCantwell",1
"RonWyden","SenatorFischer",2
"RonWyden","SenatorLeahy",3
"RonWyden","SenatorLujan",4
"RonWyden","SenatorTester",2
"RonWyden","SenatorWarnock",1
"RonWyden","SenBlumenthal",1
"RonWyden","SenBobCasey",4
"RonWyden","SenGillibrand",1
"RonWyden","SenJeffMerkley",23
"RonWyden","SenLummis",2
"RonWyden","SenMarkey",5
"RonWyden","SenMikeLee",1
"RonWyden","senrobportman",2
"RonWyden","SenSchumer",9
"RonWyden","SenSherrodBrown",9
"RonWyden","SenTinaSmith",2
"RonWyden","SenToomey",2
"RonWyden","SenWarren",3
"RoyBlunt","ChrisCoons",1
"RoyBlunt","HawleyMO",2
"RoyBlunt","JerryMoran",12
"RoyBlunt","MarshaBlackburn",1
"RoyBlunt","MartinHeinrich",14
"RoyBlunt","MikeCrapo",1
"RoyBlunt","Sen_JoeManchin",1
"RoyBlunt","SenAmyKlobuchar",5
"RoyBlunt","SenatorBurr",3
"RoyBlunt","SenatorCardin",1
"RoyBlunt","SenatorCarper",1
"RoyBlunt","SenatorCollins",1
"RoyBlunt","SenatorHagerty",2
"RoyBlunt","SenatorHassan",1
"RoyBlunt","SenatorRisch",1
"RoyBlunt","SenatorWicker",1
"RoyBlunt","SenCapito",1
"RoyBlunt","SenJeffMerkley",3
"RoyBlunt","SenJohnThune",2
"RoyBlunt","SenRickScott",1
"RoyBlunt","SenShelby",1
"RoyBlunt","SenStabenow",16
"RoyBlunt","SenToddYoung",1
"RoyBlunt","timkaine",1
"Sen_JoeManchin","lisamurkowski",9
"Sen_JoeManchin","MarkWarner",2
"Sen_JoeManchin","SenAngusKing",1
"Sen_JoeManchin","SenatorBraun",4
"Sen_JoeManchin","SenatorCarper",1
"Sen_JoeManchin","SenatorCollins",2
"Sen_JoeManchin","SenatorHassan",4
"Sen_JoeManchin","SenatorRomney",2
"Sen_JoeManchin","SenatorShaheen",1
"Sen_JoeManchin","SenatorSinema",1
"Sen_JoeManchin","SenBillCassidy",1
"Sen_JoeManchin","SenBobCasey",1
"Sen_JoeManchin","SenCapito",15
"Sen_JoeManchin","SenJohnBarrasso",3
"Sen_JoeManchin","SenMarkKelly",4
"Sen_JoeManchin","SenSchumer",1
"Sen_JoeManchin","SenSherrodBrown",1
"Sen_JoeManchin","SenStabenow",2
"SenAlexPadilla","ChrisMurphyCT",3
"SenAlexPadilla","ChuckGrassley",1
"SenAlexPadilla","JerryMoran",1
"SenAlexPadilla","JohnCornyn",2
"SenAlexPadilla","MartinHeinrich",8
"SenAlexPadilla","maziehirono",1
"SenAlexPadilla","ossoff",2
"SenAlexPadilla","PattyMurray",3
"SenAlexPadilla","RonWyden",2
"SenAlexPadilla","RoyBlunt",1
"SenAlexPadilla","SenAmyKlobuchar",3
"SenAlexPadilla","SenatorDurbin",12
"SenAlexPadilla","SenatorLeahy",1
"SenAlexPadilla","SenatorLujan",3
"SenAlexPadilla","SenatorMenendez",5
"SenAlexPadilla","SenatorShaheen",1
"SenAlexPadilla","SenatorWarnock",5
"SenAlexPadilla","SenatorWicker",1
"SenAlexPadilla","SenBobCasey",1
"SenAlexPadilla","SenBrianSchatz",1
"SenAlexPadilla","SenFeinstein",30
"SenAlexPadilla","SenGaryPeters",1
"SenAlexPadilla","SenGillibrand",1
"SenAlexPadilla","SenJeffMerkley",6
"SenAlexPadilla","SenMarkKelly",2
"SenAlexPadilla","senrobportman",4
"SenAlexPadilla","SenSanders",9
"SenAlexPadilla","SenSchumer",14
"SenAlexPadilla","SenSherrodBrown",5
"SenAlexPadilla","SenTinaSmith",3
"SenAlexPadilla","SenWarren",6
"SenAmyKlobuchar","ChrisCoons",5
"SenAmyKlobuchar","ChrisMurphyCT",2
"SenAmyKlobuchar","ChuckGrassley",11
"SenAmyKlobuchar","JerryMoran",1
"SenAmyKlobuchar","JohnCornyn",4
"SenAmyKlobuchar","lisamurkowski",2
"SenAmyKlobuchar","MarkWarner",2
"SenAmyKlobuchar","MarshaBlackburn",2
"SenAmyKlobuchar","maziehirono",4
"SenAmyKlobuchar","ossoff",2
"SenAmyKlobuchar","PattyMurray",3
"SenAmyKlobuchar","RonWyden",1
"SenAmyKlobuchar","RoyBlunt",19
"SenAmyKlobuchar","Sen_JoeManchin",1
"SenAmyKlobuchar","SenAlexPadilla",5
"SenAmyKlobuchar","SenAngusKing",1
"SenAmyKlobuchar","SenatorBaldwin",9
"SenAmyKlobuchar","SenatorBennet",3
"SenAmyKlobuchar","SenatorCantwell",1
"SenAmyKlobuchar","SenatorCardin",1
"SenAmyKlobuchar","SenatorCollins",9
"SenAmyKlobuchar","SenatorDurbin",1
"SenAmyKlobuchar","SenatorFischer",2
"SenAmyKlobuchar","SenatorHassan",2
"SenAmyKlobuchar","SenatorLeahy",5
"SenAmyKlobuchar","SenatorLujan",4
"SenAmyKlobuchar","SenatorMenendez",1
"SenAmyKlobuchar","SenatorRounds",2
"SenAmyKlobuchar","SenatorShaheen",3
"SenAmyKlobuchar","SenatorSinema",2
"SenAmyKlobuchar","SenatorTester",1
"SenAmyKlobuchar","SenatorTimScott",1
"SenAmyKlobuchar","SenatorWarnock",14
"SenAmyKlobuchar","SenatorWicker",3
"SenAmyKlobuchar","SenBillCassidy",2
"SenAmyKlobuchar","SenBlumenthal",9
"SenAmyKlobuchar","SenBobCasey",6
"SenAmyKlobuchar","SenBrianSchatz",2
"SenAmyKlobuchar","SenCortezMasto",8
"SenAmyKlobuchar","SenDanSullivan",1
"SenAmyKlobuchar","SenDuckworth",18
"SenAmyKlobuchar","SenGaryPeters",4
"SenAmyKlobuchar","SenJackyRosen",5
"SenAmyKlobuchar","SenJeffMerkley",9
"SenAmyKlobuchar","SenJohnHoeven",9
"SenAmyKlobuchar","SenJohnThune",15
"SenAmyKlobuchar","SenJoniErnst",3
"SenAmyKlobuchar","SenMikeLee",1
"SenAmyKlobuchar","senrobportman",10
"SenAmyKlobuchar","SenSanders",3
"SenAmyKlobuchar","SenSchumer",8
"SenAmyKlobuchar","SenSherrodBrown",1
"SenAmyKlobuchar","SenStabenow",2
"SenAmyKlobuchar","SenTinaSmith",36
"SenAmyKlobuchar","SenToddYoung",2
"SenAmyKlobuchar","SenWarren",6
"SenAmyKlobuchar","SteveDaines",1
"SenAmyKlobuchar","timkaine",3
"SenAngusKing","ChrisCoons",3
"SenAngusKing","ChuckGrassley",4
"SenAngusKing","JimInhofe",1
"SenAngusKing","JohnBoozman",1
"SenAngusKing","JohnCornyn",1
"SenAngusKing","lisamurkowski",4
"SenAngusKing","marcorubio",1
"SenAngusKing","MarkWarner",1
"SenAngusKing","MartinHeinrich",5
"SenAngusKing","RonWyden",1
"SenAngusKing","Sen_JoeManchin",1
"SenAngusKing","SenAmyKlobuchar",1
"SenAngusKing","SenatorBennet",2
"SenAngusKing","SenatorCollins",7
"SenAngusKing","SenatorDurbin",1
"SenAngusKing","SenatorHagerty",1
"SenAngusKing","SenatorHassan",2
"SenAngusKing","SenatorLankford",2
"SenAngusKing","SenatorLeahy",1
"SenAngusKing","SenatorLujan",2
"SenAngusKing","SenatorRisch",2
"SenAngusKing","SenatorRounds",1
"SenAngusKing","SenatorTester",2
"SenAngusKing","SenBlumenthal",1
"SenAngusKing","SenBobCasey",2
"SenAngusKing","SenCapito",2
"SenAngusKing","SenDanSullivan",1
"SenAngusKing","SenGaryPeters",2
"SenAngusKing","SenMarkey",4
"SenAngusKing","SenMikeLee",1
"SenAngusKing","senrobportman",2
"SenAngusKing","SenSherrodBrown",1
"SenAngusKing","SenWarren",2
"SenAngusKing","SteveDaines",6
"SenAngusKing","timkaine",1
"SenatorBaldwin","ChrisCoons",3
"SenatorBaldwin","ChrisMurphyCT",3
"SenatorBaldwin","lisamurkowski",2
"SenatorBaldwin","MarkWarner",1
"SenatorBaldwin","PattyMurray",5
"SenatorBaldwin","RonWyden",1
"SenatorBaldwin","SenAmyKlobuchar",4
"SenatorBaldwin","SenAngusKing",1
"SenatorBaldwin","SenatorBennet",2
"SenatorBaldwin","SenatorCarper",1
"SenatorBaldwin","SenatorCollins",1
"SenatorBaldwin","SenatorDurbin",1
"SenatorBaldwin","SenatorHassan",3
"SenatorBaldwin","SenatorLeahy",1
"SenatorBaldwin","SenatorLujan",2
"SenatorBaldwin","SenatorRounds",2
"SenatorBaldwin","SenatorShaheen",1
"SenatorBaldwin","SenatorTester",1
"SenatorBaldwin","SenatorWarnock",3
"SenatorBaldwin","SenBillCassidy",2
"SenatorBaldwin","SenBlumenthal",4
"SenatorBaldwin","SenBobCasey",2
"SenatorBaldwin","SenCapito",2
"SenatorBaldwin","SenCortezMasto",4
"SenatorBaldwin","SenDuckworth",5
"SenatorBaldwin","SenFeinstein",1
"SenatorBaldwin","SenGillibrand",1
"SenatorBaldwin","SenJohnHoeven",3
"SenatorBaldwin","SenMarkey",2
"SenatorBaldwin","SenMarkKelly",1
"SenatorBaldwin","SenSanders",2
"SenatorBaldwin","SenSchumer",2
"SenatorBaldwin","SenSherrodBrown",8
"SenatorBaldwin","SenStabenow",3
"SenatorBaldwin","SenTinaSmith",2
"SenatorBaldwin","SenWarren",6
"SenatorBennet","ChrisCoons",1
"SenatorBennet","ChrisVanHollen",1
"SenatorBennet","JerryMoran",1
"SenatorBennet","JohnCornyn",3
"SenatorBennet","MarkWarner",4
"SenatorBennet","MartinHeinrich",3
"SenatorBennet","maziehirono",2
"SenatorBennet","MikeCrapo",1
"SenatorBennet","RonWyden",4
"SenatorBennet","Sen_JoeManchin",1
"SenatorBennet","SenAlexPadilla",2
"SenatorBennet","SenAmyKlobuchar",1
"SenatorBennet","SenAngusKing",4
"SenatorBennet","SenatorBaldwin",1
"SenatorBennet","SenatorBurr",2
"SenatorBennet","SenatorCardin",2
"SenatorBennet","SenatorCarper",2
"SenatorBennet","SenatorCollins",3
"SenatorBennet","SenatorHassan",1
"SenatorBennet","SenatorHick",36
"SenatorBennet","SenatorLujan",2
"SenatorBennet","SenatorMenendez",2
"SenatorBennet","SenatorRomney",8
"SenatorBennet","SenatorShaheen",3
"SenatorBennet","SenatorSinema",1
"SenatorBennet","SenatorTester",4
"SenatorBennet","SenatorWarnock",6
"SenatorBennet","SenBobCasey",2
"SenatorBennet","SenCortezMasto",6
"SenatorBennet","SenDuckworth",4
"SenatorBennet","SenJackyRosen",3
"SenatorBennet","SenJohnBarrasso",1
"SenatorBennet","SenJohnHoeven",1
"SenatorBennet","SenJoniErnst",1
"SenatorBennet","SenMarkKelly",2
"SenatorBennet","SenRickScott",1
"SenatorBennet","senrobportman",9
"SenatorBennet","SenSanders",1
"SenatorBennet","SenSchumer",3
"SenatorBennet","SenSherrodBrown",14
"SenatorBennet","SenStabenow",1
"SenatorBennet","SenTinaSmith",1
"SenatorBennet","SenToddYoung",4
"SenatorBennet","SenToomey",1
"SenatorBennet","SenWarren",2
"SenatorBennet","SenWhitehouse",1
"SenatorBennet","timkaine",2
"SenatorBraun","ChuckGrassley",4
"SenatorBraun","CoryBooker",3
"SenatorBraun","HawleyMO",5
"SenatorBraun","JerryMoran",7
"SenatorBraun","JimInhofe",6
"SenatorBraun","JohnBoozman",1
"SenatorBraun","JohnCornyn",2
"SenatorBraun","LindseyGrahamSC",2
"SenatorBraun","lisamurkowski",3
"SenatorBraun","marcorubio",2
"SenatorBraun","MarshaBlackburn",9
"SenatorBraun","PattyMurray",1
"SenatorBraun","RandPaul",3
"SenatorBraun","Sen_JoeManchin",11
"SenatorBraun","SenatorBurr",9
"SenatorBraun","SenatorCarper",2
"SenatorBraun","SenatorHagerty",7
"SenatorBraun","SenatorHassan",6
"SenatorBraun","SenatorLankford",29
"SenatorBraun","SenatorLujan",1
"SenatorBraun","SenatorRisch",4
"SenatorBraun","SenatorRounds",1
"SenatorBraun","SenatorSinema",1
"SenatorBraun","SenatorTester",3
"SenatorBraun","SenatorTimScott",7
"SenatorBraun","SenatorWarnock",1
"SenatorBraun","SenatorWicker",2
"SenatorBraun","SenBillCassidy",6
"SenatorBraun","SenCapito",9
"SenatorBraun","SenDanSullivan",5
"SenatorBraun","SenHydeSmith",4
"SenatorBraun","SenJackReed",1
"SenatorBraun","SenJohnBarrasso",5
"SenatorBraun","SenJohnHoeven",7
"SenatorBraun","SenJohnKennedy",4
"SenatorBraun","SenJohnThune",1
"SenatorBraun","SenJoniErnst",4
"SenatorBraun","SenKevinCramer",6
"SenatorBraun","SenLummis",9
"SenatorBraun","SenMikeLee",15
"SenatorBraun","SenRickScott",23
"SenatorBraun","SenRonJohnson",2
"SenatorBraun","SenSchumer",2
"SenatorBraun","SenShelby",6
"SenatorBraun","SenTedCruz",10
"SenatorBraun","SenThomTillis",1
"SenatorBraun","SenTinaSmith",1
"SenatorBraun","SenToddYoung",2
"SenatorBraun","SenTomCotton",5
"SenatorBraun","SenTuberville",4
"SenatorBraun","SteveDaines",7
"SenatorBurr","JohnBoozman",1
"SenatorBurr","JohnCornyn",1
"SenatorBurr","LindseyGrahamSC",2
"SenatorBurr","lisamurkowski",3
"SenatorBurr","marcorubio",1
"SenatorBurr","MarkWarner",16
"SenatorBurr","MartinHeinrich",2
"SenatorBurr","MikeCrapo",1
"SenatorBurr","PattyMurray",3
"SenatorBurr","RoyBlunt",2
"SenatorBurr","Sen_JoeManchin",1
"SenatorBurr","SenAngusKing",4
"SenatorBurr","SenatorBennet",2
"SenatorBurr","SenatorCantwell",5
"SenatorBurr","SenatorCarper",1
"SenatorBurr","SenatorCollins",2
"SenatorBurr","SenatorLankford",7
"SenatorBurr","SenatorTester",1
"SenatorBurr","SenatorTimScott",2
"SenatorBurr","SenBobCasey",2
"SenatorBurr","SenCapito",2
"SenatorBurr","senrobportman",2
"SenatorBurr","SenThomTillis",51
"SenatorBurr","SenToomey",2
"SenatorBurr","SteveDaines",3
"SenatorCantwell","lisamurkowski",2
"SenatorCantwell","MarshaBlackburn",1
"SenatorCantwell","maziehirono",1
"SenatorCantwell","PattyMurray",20
"SenatorCantwell","RonWyden",2
"SenatorCantwell","SenatorBaldwin",1
"SenatorCantwell","SenatorFischer",1
"SenatorCantwell","SenatorHick",2
"SenatorCantwell","SenatorLujan",5
"SenatorCantwell","SenatorShaheen",1
"SenatorCantwell","SenatorSinema",1
"SenatorCantwell","SenatorWarnock",1
"SenatorCantwell","SenatorWicker",1
"SenatorCantwell","SenBlumenthal",1
"SenatorCantwell","SenBrianSchatz",1
"SenatorCantwell","SenCortezMasto",1
"SenatorCantwell","SenDanSullivan",1
"SenatorCantwell","SenGaryPeters",1
"SenatorCantwell","SenJackyRosen",3
"SenatorCantwell","SenJohnThune",1
"SenatorCantwell","SenLummis",2
"SenatorCantwell","SenMarkKelly",1
"SenatorCantwell","SenRickScott",1
"SenatorCantwell","SenSchumer",3
"SenatorCantwell","SenSherrodBrown",1
"SenatorCantwell","SenStabenow",1
"SenatorCantwell","SenTedCruz",1
"SenatorCantwell","SenWarren",1
"SenatorCardin","ChrisMurphyCT",4
"SenatorCardin","ChrisVanHollen",49
"SenatorCardin","JohnCornyn",8
"SenatorCardin","lisamurkowski",10
"SenatorCardin","MarkWarner",4
"SenatorCardin","MikeCrapo",1
"SenatorCardin","SenAmyKlobuchar",3
"SenatorCardin","SenatorBaldwin",1
"SenatorCardin","SenatorCarper",3
"SenatorCardin","SenatorHagerty",15
"SenatorCardin","SenatorLujan",5
"SenatorCardin","SenatorMenendez",4
"SenatorCardin","SenatorShaheen",3
"SenatorCardin","SenatorWicker",16
"SenatorCardin","SenBlumenthal",2
"SenatorCardin","SenBobCasey",2
"SenatorCardin","SenFeinstein",1
"SenatorCardin","SenJackyRosen",2
"SenatorCardin","SenJoniErnst",1
"SenatorCardin","SenMarkey",1
"SenatorCardin","senrobportman",11
"SenatorCardin","SenSchumer",6
"SenatorCardin","SenTinaSmith",3
"SenatorCardin","SenToddYoung",2
"SenatorCardin","timkaine",2
"SenatorCarper","ChrisCoons",21
"SenatorCarper","ChrisMurphyCT",2
"SenatorCarper","ChrisVanHollen",7
"SenatorCarper","JohnCornyn",12
"SenatorCarper","MartinHeinrich",1
"SenatorCarper","maziehirono",2
"SenatorCarper","MikeCrapo",2
"SenatorCarper","ossoff",3
"SenatorCarper","PattyMurray",3
"SenatorCarper","RonWyden",3
"SenatorCarper","SenAlexPadilla",2
"SenatorCarper","SenAmyKlobuchar",2
"SenatorCarper","SenAngusKing",2
"SenatorCarper","SenatorBennet",1
"SenatorCarper","SenatorBraun",1
"SenatorCarper","SenatorCardin",4
"SenatorCarper","SenatorDurbin",2
"SenatorCarper","SenatorTimScott",1
"SenatorCarper","SenBillCassidy",2
"SenatorCarper","SenBobCasey",4
"SenatorCarper","SenCapito",12
"SenatorCarper","SenCortezMasto",1
"SenatorCarper","SenDuckworth",2
"SenatorCarper","SenGaryPeters",1
"SenatorCarper","SenGillibrand",1
"SenatorCarper","SenJackyRosen",2
"SenatorCarper","SenJeffMerkley",6
"SenatorCarper","SenJohnKennedy",1
"SenatorCarper","SenJoniErnst",1
"SenatorCarper","SenKevinCramer",1
"SenatorCarper","SenMarkey",3
"SenatorCarper","senrobportman",5
"SenatorCarper","SenSanders",1
"SenatorCarper","SenSchumer",3
"SenatorCarper","SenWarren",2
"SenatorCarper","SenWhitehouse",4
"SenatorCarper","timkaine",4
"SenatorCollins","ChrisCoons",1
"SenatorCollins","ChuckGrassley",3
"SenatorCollins","JohnBoozman",1
"SenatorCollins","marcorubio",10
"SenatorCollins","MarkWarner",4
"SenatorCollins","MartinHeinrich",1
"SenatorCollins","maziehirono",4
"SenatorCollins","Sen_JoeManchin",10
"SenatorCollins","SenAmyKlobuchar",3
"SenatorCollins","SenAngusKing",20
"SenatorCollins","SenatorBaldwin",1
"SenatorCollins","SenatorBennet",1
"SenatorCollins","SenatorBurr",1
"SenatorCollins","SenatorCantwell",1
"SenatorCollins","SenatorCardin",7
"SenatorCollins","SenatorCarper",2
"SenatorCollins","SenatorHassan",8
"SenatorCollins","SenatorLeahy",1
"SenatorCollins","SenatorMenendez",3
"SenatorCollins","SenatorRisch",1
"SenatorCollins","SenatorRomney",1
"SenatorCollins","SenatorShaheen",22
"SenatorCollins","SenatorSinema",6
"SenatorCollins","SenatorTester",1
"SenatorCollins","SenatorTimScott",1
"SenatorCollins","SenBobCasey",1
"SenatorCollins","SenCapito",1
"SenatorCollins","SenCortezMasto",1
"SenatorCollins","SenDanSullivan",1
"SenatorCollins","SenDuckworth",2
"SenatorCollins","SenFeinstein",13
"SenatorCollins","SenGaryPeters",2
"SenatorCollins","SenJackReed",10
"SenatorCollins","SenJackyRosen",3
"SenatorCollins","SenJoniErnst",1
"SenatorCollins","SenMarkKelly",1
"SenatorCollins","SenSherrodBrown",2
"SenatorCollins","SenStabenow",1
"SenatorCollins","SenTinaSmith",4
"SenatorCollins","SenToddYoung",1
"SenatorCollins","timkaine",3
"SenatorDurbin","ChrisCoons",2
"SenatorDurbin","ChrisMurphyCT",1
"SenatorDurbin","ChrisVanHollen",2
"SenatorDurbin","ChuckGrassley",3
"SenatorDurbin","lisamurkowski",3
"SenatorDurbin","marcorubio",2
"SenatorDurbin","MarshaBlackburn",1
"SenatorDurbin","maziehirono",2
"SenatorDurbin","PattyMurray",6
"SenatorDurbin","RonWyden",1
"SenatorDurbin","SenAlexPadilla",1
"SenatorDurbin","SenAmyKlobuchar",2
"SenatorDurbin","SenAngusKing",1
"SenatorDurbin","SenatorBaldwin",2
"SenatorDurbin","SenatorBraun",1
"SenatorDurbin","SenatorLujan",4
"SenatorDurbin","SenatorMenendez",1
"SenatorDurbin","SenatorRisch",1
"SenatorDurbin","SenatorShaheen",3
"SenatorDurbin","SenBillCassidy",1
"SenatorDurbin","SenBlumenthal",1
"SenatorDurbin","SenBrianSchatz",1
"SenatorDurbin","SenDuckworth",16
"SenatorDurbin","SenFeinstein",4
"SenatorDurbin","SenJeffMerkley",1
"SenatorDurbin","SenJohnThune",1
"SenatorDurbin","SenJoniErnst",3
"SenatorDurbin","SenMarkey",2
"SenatorDurbin","senrobportman",6
"SenatorDurbin","SenSchumer",8
"SenatorDurbin","SenSherrodBrown",1
"SenatorDurbin","SenStabenow",6
"SenatorDurbin","SenWarren",2
"SenatorDurbin","SenWhitehouse",2
"SenatorFischer","ChuckGrassley",13
"SenatorFischer","JerryMoran",1
"SenatorFischer","JimInhofe",8
"SenatorFischer","JohnBoozman",2
"SenatorFischer","JohnCornyn",1
"SenatorFischer","marcorubio",1
"SenatorFischer","MarkWarner",2
"SenatorFischer","MarshaBlackburn",1
"SenatorFischer","MikeCrapo",2
"SenatorFischer","RonWyden",4
"SenatorFischer","RoyBlunt",2
"SenatorFischer","SenAmyKlobuchar",6
"SenatorFischer","SenAngusKing",3
"SenatorFischer","SenatorCantwell",2
"SenatorFischer","SenatorDurbin",1
"SenatorFischer","SenatorHagerty",2
"SenatorFischer","SenatorLujan",2
"SenatorFischer","SenatorMenendez",1
"SenatorFischer","SenatorRisch",3
"SenatorFischer","SenatorRounds",2
"SenatorFischer","SenatorShaheen",1
"SenatorFischer","SenatorTester",3
"SenatorFischer","SenatorTimScott",2
"SenatorFischer","SenBillCassidy",4
"SenatorFischer","SenCapito",2
"SenatorFischer","SenCortezMasto",9
"SenatorFischer","SenDuckworth",3
"SenatorFischer","SenFeinstein",1
"SenatorFischer","SenGaryPeters",1
"SenatorFischer","SenHydeSmith",2
"SenatorFischer","SenJackReed",1
"SenatorFischer","SenJackyRosen",6
"SenatorFischer","SenJohnThune",1
"SenatorFischer","SenJoniErnst",2
"SenatorFischer","SenKevinCramer",2
"SenatorFischer","SenLummis",2
"SenatorFischer","SenRickScott",1
"SenatorFischer","SenSasse",1
"SenatorFischer","SenSchumer",7
"SenatorFischer","SenThomTillis",3
"SenatorFischer","SenTinaSmith",1
"SenatorFischer","SenTomCotton",1
"SenatorFischer","SenWarren",4
"SenatorHagerty","ChuckGrassley",2
"SenatorHagerty","JohnBoozman",2
"SenatorHagerty","JohnCornyn",18
"SenatorHagerty","LindseyGrahamSC",1
"SenatorHagerty","marcorubio",1
"SenatorHagerty","MarkWarner",11
"SenatorHagerty","MarshaBlackburn",13
"SenatorHagerty","MikeCrapo",3
"SenatorHagerty","SenAmyKlobuchar",1
"SenatorHagerty","SenAngusKing",3
"SenatorHagerty","SenatorCardin",14
"SenatorHagerty","SenatorHassan",2
"SenatorHagerty","SenatorLankford",1
"SenatorHagerty","SenatorMenendez",2
"SenatorHagerty","SenatorRisch",5
"SenatorHagerty","SenatorTimScott",6
"SenatorHagerty","SenatorWicker",1
"SenatorHagerty","SenBillCassidy",3
"SenatorHagerty","SenCapito",1
"SenatorHagerty","SenDanSullivan",1
"SenatorHagerty","SenHydeSmith",2
"SenatorHagerty","SenJohnHoeven",1
"SenatorHagerty","SenJohnKennedy",3
"SenatorHagerty","SenJoniErnst",3
"SenatorHagerty","SenLummis",1
"SenatorHagerty","SenMikeLee",2
"SenatorHagerty","SenRickScott",2
"SenatorHagerty","senrobportman",2
"SenatorHagerty","SenRonJohnson",2
"SenatorHagerty","SenSchumer",2
"SenatorHagerty","SenTedCruz",6
"SenatorHagerty","SenTomCotton",7
"SenatorHagerty","SenToomey",1
"SenatorHagerty","SteveDaines",2
"SenatorHassan","ChuckGrassley",1
"SenatorHassan","JerryMoran",1
"SenatorHassan","JohnCornyn",3
"SenatorHassan","lisamurkowski",1
"SenatorHassan","ossoff",2
"SenatorHassan","Sen_JoeManchin",1
"SenatorHassan","SenatorBraun",3
"SenatorHassan","SenatorCollins",3
"SenatorHassan","SenatorLankford",1
"SenatorHassan","SenatorLeahy",1
"SenatorHassan","SenatorRomney",3
"SenatorHassan","SenatorRounds",1
"SenatorHassan","SenatorShaheen",13
"SenatorHassan","SenatorTester",2
"SenatorHassan","SenatorWarnock",2
"SenatorHassan","SenBillCassidy",1
"SenatorHassan","SenJackReed",1
"SenatorHassan","SenJoniErnst",26
"SenatorHassan","SenKevinCramer",2
"SenatorHassan","senrobportman",5
"SenatorHassan","SenToddYoung",4
"SenatorHassan","SenToomey",2
"SenatorHassan","SenWarren",1
"SenatorHick","ChrisMurphyCT",2
"SenatorHick","MarkWarner",2
"SenatorHick","ossoff",1
"SenatorHick","PattyMurray",2
"SenatorHick","SenAmyKlobuchar",2
"SenatorHick","SenatorBennet",34
"SenatorHick","SenatorLujan",3
"SenatorHick","SenatorRisch",1
"SenatorHick","SenatorRounds",1
"SenatorHick","SenatorShaheen",2
"SenatorHick","SenatorTester",2
"SenatorHick","SenatorWarnock",3
"SenatorHick","SenBillCassidy",1
"SenatorHick","SenCapito",1
"SenatorHick","SenDuckworth",1
"SenatorHick","SenMarkKelly",5
"SenatorHick","SenRickScott",1
"SenatorHick","SenStabenow",3
"SenatorHick","SenTinaSmith",1
"SenatorHick","SenWhitehouse",2
"SenatorHick","timkaine",2
"SenatorLankford","HawleyMO",1
"SenatorLankford","JerryMoran",2
"SenatorLankford","JimInhofe",6
"SenatorLankford","JohnBoozman",3
"SenatorLankford","LindseyGrahamSC",1
"SenatorLankford","marcorubio",3
"SenatorLankford","MarshaBlackburn",1
"SenatorLankford","MikeCrapo",1
"SenatorLankford","SenatorBraun",12
"SenatorLankford","SenatorRisch",2
"SenatorLankford","SenatorSinema",1
"SenatorLankford","SenatorWicker",1
"SenatorLankford","SenHydeSmith",3
"SenatorLankford","SenJohnBarrasso",1
"SenatorLankford","SenJoniErnst",1
"SenatorLankford","SenKevinCramer",1
"SenatorLankford","SenLummis",2
"SenatorLankford","SenMikeLee",9
"SenatorLankford","SenRickScott",1
"SenatorLankford","SenSasse",1
"SenatorLankford","SenTedCruz",3
"SenatorLankford","SenThomTillis",1
"SenatorLankford","SenTomCotton",1
"SenatorLankford","SteveDaines",4
"SenatorLeahy","ChrisMurphyCT",1
"SenatorLeahy","ChrisVanHollen",1
"SenatorLeahy","ChuckGrassley",2
"SenatorLeahy","JerryMoran",1
"SenatorLeahy","JohnBoozman",1
"SenatorLeahy","JohnCornyn",4
"SenatorLeahy","LindseyGrahamSC",1
"SenatorLeahy","lisamurkowski",4
"SenatorLeahy","marcorubio",2
"SenatorLeahy","ossoff",1
"SenatorLeahy","PattyMurray",2
"SenatorLeahy","RonWyden",1
"SenatorLeahy","Sen_JoeManchin",4
"SenatorLeahy","SenAlexPadilla",2
"SenatorLeahy","SenAmyKlobuchar",4
"SenatorLeahy","SenatorBaldwin",1
"SenatorLeahy","SenatorCollins",1
"SenatorLeahy","SenatorDurbin",19
"SenatorLeahy","SenatorHassan",2
"SenatorLeahy","SenatorShaheen",1
"SenatorLeahy","SenatorTester",4
"SenatorLeahy","SenatorWarnock",2
"SenatorLeahy","SenBlumenthal",1
"SenatorLeahy","SenFeinstein",1
"SenatorLeahy","SenGillibrand",2
"SenatorLeahy","SenJeffMerkley",2
"SenatorLeahy","SenMarkey",3
"SenatorLeahy","SenMikeLee",2
"SenatorLeahy","SenSanders",17
"SenatorLeahy","SenSchumer",4
"SenatorLeahy","SenShelby",4
"SenatorLeahy","SenThomTillis",5
"SenatorLeahy","SenWarren",1
"SenatorLeahy","SenWhitehouse",6
"SenatorLeahy","SteveDaines",1
"SenatorLujan","ChrisVanHollen",4
"SenatorLujan","MarshaBlackburn",1
"SenatorLujan","MartinHeinrich",18
"SenatorLujan","MikeCrapo",1
"SenatorLujan","SenAlexPadilla",11
"SenatorLujan","SenAmyKlobuchar",2
"SenatorLujan","SenatorBaldwin",1
"SenatorLujan","SenatorDurbin",1
"SenatorLujan","SenatorFischer",2
"SenatorLujan","SenatorHick",2
"SenatorLujan","SenatorLeahy",1
"SenatorLujan","SenatorMenendez",8
"SenatorLujan","SenatorRounds",2
"SenatorLujan","SenatorShaheen",3
"SenatorLujan","SenatorTester",5
"SenatorLujan","SenBillCassidy",2
"SenatorLujan","SenBlumenthal",2
"SenatorLujan","SenBobCasey",1
"SenatorLujan","SenCortezMasto",4
"SenatorLujan","SenFeinstein",1
"SenatorLujan","SenJoniErnst",1
"SenatorLujan","SenKevinCramer",5
"SenatorLujan","SenMarkKelly",1
"SenatorLujan","SenRickScott",2
"SenatorLujan","senrobportman",1
"SenatorLujan","SenSchumer",4
"SenatorLujan","SenTinaSmith",13
"SenatorLujan","SenWarren",2
"SenatorLujan","SenWhitehouse",1
"SenatorLujan","timkaine",1
"SenatorMenendez","ChrisMurphyCT",3
"SenatorMenendez","ChrisVanHollen",2
"SenatorMenendez","CoryBooker",5
"SenatorMenendez","JimInhofe",1
"SenatorMenendez","JohnBoozman",1
"SenatorMenendez","JohnCornyn",1
"SenatorMenendez","marcorubio",1
"SenatorMenendez","MarkWarner",2
"SenatorMenendez","maziehirono",2
"SenatorMenendez","PattyMurray",5
"SenatorMenendez","RandPaul",1
"SenatorMenendez","RonWyden",1
"SenatorMenendez","SenAlexPadilla",11
"SenatorMenendez","SenAmyKlobuchar",1
"SenatorMenendez","SenatorBurr",2
"SenatorMenendez","SenatorCollins",3
"SenatorMenendez","SenatorDurbin",3
"SenatorMenendez","SenatorLujan",11
"SenatorMenendez","SenatorRisch",2
"SenatorMenendez","SenatorTimScott",2
"SenatorMenendez","SenatorWarnock",5
"SenatorMenendez","SenBrianSchatz",1
"SenatorMenendez","SenCortezMasto",8
"SenatorMenendez","SenJackReed",1
"SenatorMenendez","SenLummis",1
"SenatorMenendez","SenMikeLee",1
"SenatorMenendez","SenRickScott",1
"SenatorMenendez","senrobportman",1
"SenatorMenendez","SenSchumer",12
"SenatorMenendez","SenShelby",1
"SenatorMenendez","SenSherrodBrown",2
"SenatorMenendez","SenStabenow",2
"SenatorMenendez","SenTedCruz",1
"SenatorMenendez","SenTomCotton",1
"SenatorMenendez","SenTuberville",1
"SenatorMenendez","SenWarren",6
"SenatorMenendez","SenWhitehouse",1
"SenatorMenendez","timkaine",4
"SenatorRisch","ChuckGrassley",3
"SenatorRisch","JerryMoran",2
"SenatorRisch","JimInhofe",5
"SenatorRisch","JohnCornyn",4
"SenatorRisch","marcorubio",7
"SenatorRisch","MartinHeinrich",1
"SenatorRisch","MikeCrapo",65
"SenatorRisch","RoyBlunt",2
"SenatorRisch","Sen_JoeManchin",2
"SenatorRisch","SenAngusKing",2
"SenatorRisch","SenatorBraun",2
"SenatorRisch","SenatorHagerty",2
"SenatorRisch","SenatorHassan",1
"SenatorRisch","SenatorHick",1
"SenatorRisch","SenatorLankford",3
"SenatorRisch","SenatorMenendez",1
"SenatorRisch","SenatorRounds",1
"SenatorRisch","SenatorTimScott",2
"SenatorRisch","SenBillCassidy",2
"SenatorRisch","SenCapito",1
"SenatorRisch","SenJohnBarrasso",22
"SenatorRisch","SenJohnHoeven",4
"SenatorRisch","SenJohnThune",4
"SenatorRisch","SenJoniErnst",9
"SenatorRisch","SenKevinCramer",2
"SenatorRisch","SenLummis",1
"SenatorRisch","SenMarkKelly",1
"SenatorRisch","SenMikeLee",1
"SenatorRisch","SenRickScott",3
"SenatorRisch","senrobportman",3
"SenatorRisch","SenSchumer",1
"SenatorRisch","SenTedCruz",2
"SenatorRisch","SenTinaSmith",2
"SenatorRisch","SenToddYoung",2
"SenatorRisch","SenToomey",11
"SenatorRisch","SenTuberville",2
"SenatorRisch","SteveDaines",10
"SenatorRomney","ChrisVanHollen",1
"SenatorRomney","lisamurkowski",1
"SenatorRomney","marcorubio",1
"SenatorRomney","Sen_JoeManchin",2
"SenatorRomney","SenAlexPadilla",2
"SenatorRomney","SenatorBennet",6
"SenatorRomney","SenatorBurr",1
"SenatorRomney","SenatorCollins",2
"SenatorRomney","SenatorHassan",1
"SenatorRomney","SenatorSinema",7
"SenatorRomney","SenatorTimScott",2
"SenatorRomney","SenBillCassidy",1
"SenatorRomney","SenCapito",3
"SenatorRomney","SenDanSullivan",2
"SenatorRomney","SenJoniErnst",3
"SenatorRomney","SenMarkey",2
"SenatorRomney","SenMarkKelly",2
"SenatorRomney","SenMikeLee",4
"SenatorRomney","senrobportman",2
"SenatorRomney","SenSchumer",1
"SenatorRomney","SenThomTillis",2
"SenatorRomney","SenTomCotton",3
"SenatorRomney","SteveDaines",6
"SenatorRomney","timkaine",2
"SenatorRounds","ChuckGrassley",12
"SenatorRounds","HawleyMO",2
"SenatorRounds","JerryMoran",3
"SenatorRounds","JimInhofe",8
"SenatorRounds","JohnBoozman",1
"SenatorRounds","JohnCornyn",1
"SenatorRounds","LindseyGrahamSC",1
"SenatorRounds","marcorubio",2
"SenatorRounds","MarkWarner",3
"SenatorRounds","MarshaBlackburn",1
"SenatorRounds","MartinHeinrich",1
"SenatorRounds","MikeCrapo",1
"SenatorRounds","RonWyden",1
"SenatorRounds","Sen_JoeManchin",2
"SenatorRounds","SenAmyKlobuchar",5
"SenatorRounds","SenAngusKing",3
"SenatorRounds","SenatorBraun",1
"SenatorRounds","SenatorFischer",3
"SenatorRounds","SenatorHassan",2
"SenatorRounds","SenatorLujan",3
"SenatorRounds","SenatorRomney",1
"SenatorRounds","SenatorShaheen",2
"SenatorRounds","SenatorSinema",2
"SenatorRounds","SenatorTester",8
"SenatorRounds","SenatorTimScott",3
"SenatorRounds","SenatorWicker",1
"SenatorRounds","SenBillCassidy",2
"SenatorRounds","SenCapito",3
"SenatorRounds","SenCortezMasto",1
"SenatorRounds","SenDanSullivan",2
"SenatorRounds","SenDuckworth",1
"SenatorRounds","SenFeinstein",1
"SenatorRounds","SenGaryPeters",1
"SenatorRounds","SenHydeSmith",1
"SenatorRounds","SenJackyRosen",4
"SenatorRounds","SenJohnHoeven",1
"SenatorRounds","SenJohnThune",18
"SenatorRounds","SenJoniErnst",9
"SenatorRounds","SenKevinCramer",5
"SenatorRounds","SenLummis",2
"SenatorRounds","SenMarkKelly",1
"SenatorRounds","SenRickScott",2
"SenatorRounds","senrobportman",2
"SenatorRounds","SenSanders",1
"SenatorRounds","SenThomTillis",6
"SenatorRounds","SenTinaSmith",7
"SenatorRounds","SenTomCotton",3
"SenatorRounds","SenTuberville",1
"SenatorRounds","SteveDaines",6
"SenatorShaheen","ChrisCoons",1
"SenatorShaheen","ChrisMurphyCT",6
"SenatorShaheen","ChrisVanHollen",2
"SenatorShaheen","ChuckGrassley",1
"SenatorShaheen","JerryMoran",1
"SenatorShaheen","JohnBoozman",1
"SenatorShaheen","JohnCornyn",4
"SenatorShaheen","MarkWarner",4
"SenatorShaheen","PattyMurray",6
"SenatorShaheen","Sen_JoeManchin",1
"SenatorShaheen","SenatorBaldwin",2
"SenatorShaheen","SenatorCardin",1
"SenatorShaheen","SenatorCarper",3
"SenatorShaheen","SenatorCollins",19
"SenatorShaheen","SenatorDurbin",4
"SenatorShaheen","SenatorHassan",6
"SenatorShaheen","SenatorLujan",2
"SenatorShaheen","SenatorMenendez",3
"SenatorShaheen","SenatorRisch",1
"SenatorShaheen","SenatorRounds",2
"SenatorShaheen","SenatorTester",3
"SenatorShaheen","SenatorWarnock",1
"SenatorShaheen","SenatorWicker",7
"SenatorShaheen","SenBillCassidy",1
"SenatorShaheen","SenBobCasey",1
"SenatorShaheen","SenBrianSchatz",1
"SenatorShaheen","SenCapito",2
"SenatorShaheen","SenDuckworth",2
"SenatorShaheen","SenFeinstein",1
"SenatorShaheen","SenGillibrand",1
"SenatorShaheen","SenJackReed",3
"SenatorShaheen","SenJackyRosen",1
"SenatorShaheen","SenJohnHoeven",2
"SenatorShaheen","SenJohnKennedy",1
"SenatorShaheen","SenJoniErnst",3
"SenatorShaheen","SenKevinCramer",2
"SenatorShaheen","SenMarkey",1
"SenatorShaheen","SenRickScott",1
"SenatorShaheen","senrobportman",12
"SenatorShaheen","SenRonJohnson",1
"SenatorShaheen","SenThomTillis",21
"SenatorShaheen","SenToomey",1
"SenatorShaheen","SenWarren",1
"SenatorShaheen","timkaine",2
"SenatorSinema","ChrisCoons",1
"SenatorSinema","ChrisMurphyCT",2
"SenatorSinema","ChuckGrassley",1
"SenatorSinema","JohnCornyn",8
"SenatorSinema","lisamurkowski",6
"SenatorSinema","MarkWarner",3
"SenatorSinema","MartinHeinrich",1
"SenatorSinema","ossoff",1
"SenatorSinema","RandPaul",1
"SenatorSinema","RoyBlunt",1
"SenatorSinema","Sen_JoeManchin",3
"SenatorSinema","SenAlexPadilla",1
"SenatorSinema","SenAngusKing",1
"SenatorSinema","SenatorBraun",2
"SenatorSinema","SenatorBurr",1
"SenatorSinema","SenatorCollins",7
"SenatorSinema","SenatorDurbin",2
"SenatorSinema","SenatorHagerty",1
"SenatorSinema","SenatorHassan",1
"SenatorSinema","SenatorHick",1
"SenatorSinema","SenatorLujan",2
"SenatorSinema","SenatorRomney",2
"SenatorSinema","SenatorRounds",1
"SenatorSinema","SenatorShaheen",4
"SenatorSinema","SenatorTester",2
"SenatorSinema","SenBillCassidy",2
"SenatorSinema","SenCapito",2
"SenatorSinema","SenFeinstein",2
"SenatorSinema","SenJackyRosen",1
"SenatorSinema","SenMarkKelly",14
"SenatorSinema","SenMikeLee",1
"SenatorSinema","senrobportman",15
"SenatorSinema","SenTedCruz",1
"SenatorSinema","SenThomTillis",5
"SenatorSinema","SenToddYoung",2
"SenatorSinema","SteveDaines",1
"SenatorTester","ChrisCoons",1
"SenatorTester","ChuckGrassley",12
"SenatorTester","JerryMoran",12
"SenatorTester","JohnBoozman",3
"SenatorTester","lisamurkowski",1
"SenatorTester","MarkWarner",11
"SenatorTester","ossoff",1
"SenatorTester","PattyMurray",1
"SenatorTester","RonWyden",2
"SenatorTester","Sen_JoeManchin",1
"SenatorTester","SenAngusKing",1
"SenatorTester","SenatorBennet",1
"SenatorTester","SenatorCantwell",1
"SenatorTester","SenatorCarper",1
"SenatorTester","SenatorCollins",2
"SenatorTester","SenatorFischer",5
"SenatorTester","SenatorHassan",1
"SenatorTester","SenatorHick",1
"SenatorTester","SenatorLeahy",2
"SenatorTester","SenatorLujan",6
"SenatorTester","SenatorRounds",4
"SenatorTester","SenatorShaheen",5
"SenatorTester","SenatorWarnock",1
"SenatorTester","SenBillCassidy",1
"SenatorTester","SenBlumenthal",2
"SenatorTester","SenBobCasey",1
"SenatorTester","SenBrianSchatz",1
"SenatorTester","SenCapito",1
"SenatorTester","SenCortezMasto",6
"SenatorTester","SenJackReed",3
"SenatorTester","SenJackyRosen",1
"SenatorTester","SenJeffMerkley",1
"SenatorTester","SenJohnHoeven",3
"SenatorTester","SenJohnThune",2
"SenatorTester","SenKevinCramer",3
"SenatorTester","SenMarkKelly",2
"SenatorTester","SenSanders",1
"SenatorTester","SenSherrodBrown",2
"SenatorTester","SenStabenow",1
"SenatorTester","SenThomTillis",1
"SenatorTester","SenWarren",2
"SenatorTester","SteveDaines",5
"SenatorTester","timkaine",3
"SenatorTimScott","ChrisCoons",1
"SenatorTimScott","ChrisVanHollen",1
"SenatorTimScott","CoryBooker",1
"SenatorTimScott","JohnCornyn",1
"SenatorTimScott","MarkWarner",2
"SenatorTimScott","MikeCrapo",3
"SenatorTimScott","SenatorBennet",1
"SenatorTimScott","SenatorBurr",1
"SenatorTimScott","SenatorCarper",1
"SenatorTimScott","SenatorCollins",1
"SenatorTimScott","SenatorFischer",1
"SenatorTimScott","SenatorHagerty",1
"SenatorTimScott","SenatorLujan",2
"SenatorTimScott","SenatorRomney",1
"SenatorTimScott","SenatorSinema",1
"SenatorTimScott","SenatorWarnock",1
"SenatorTimScott","SenBillCassidy",3
"SenatorTimScott","SenBobCasey",7
"SenatorTimScott","SenJackyRosen",1
"SenatorTimScott","SenJohnKennedy",1
"SenatorTimScott","SenJohnThune",1
"SenatorTimScott","SenJoniErnst",1
"SenatorTimScott","SenLummis",1
"SenatorTimScott","senrobportman",1
"SenatorTimScott","SenSherrodBrown",1
"SenatorTimScott","SenTedCruz",1
"SenatorTimScott","SenThomTillis",1
"SenatorTimScott","SenToddYoung",2
"SenatorTimScott","SenToomey",4
"SenatorTimScott","SenWhitehouse",1
"SenatorWarnock","ChrisMurphyCT",1
"SenatorWarnock","ChrisVanHollen",1
"SenatorWarnock","MarkWarner",2
"SenatorWarnock","ossoff",1
"SenatorWarnock","PattyMurray",2
"SenatorWarnock","RonWyden",1
"SenatorWarnock","SenAlexPadilla",1
"SenatorWarnock","SenAmyKlobuchar",1
"SenatorWarnock","SenatorBaldwin",3
"SenatorWarnock","SenatorBennet",3
"SenatorWarnock","SenatorCollins",2
"SenatorWarnock","SenatorHassan",1
"SenatorWarnock","SenatorLeahy",2
"SenatorWarnock","SenatorLujan",2
"SenatorWarnock","SenatorShaheen",2
"SenatorWarnock","SenatorTimScott",1
"SenatorWarnock","SenatorWicker",1
"SenatorWarnock","SenCortezMasto",1
"SenatorWarnock","SenDuckworth",1
"SenatorWarnock","SenFeinstein",1
"SenatorWarnock","SenGillibrand",1
"SenatorWarnock","SenJackyRosen",1
"SenatorWarnock","SenJeffMerkley",2
"SenatorWarnock","SenJohnKennedy",1
"SenatorWarnock","SenJoniErnst",1
"SenatorWarnock","SenLummis",1
"SenatorWarnock","SenMarkKelly",1
"SenatorWarnock","SenSchumer",2
"SenatorWarnock","SenSherrodBrown",9
"SenatorWarnock","SenStabenow",1
"SenatorWarnock","SenTedCruz",1
"SenatorWarnock","SenTinaSmith",1
"SenatorWicker","ChuckGrassley",3
"SenatorWicker","JimInhofe",6
"SenatorWicker","JohnCornyn",1
"SenatorWicker","LindseyGrahamSC",1
"SenatorWicker","MarshaBlackburn",1
"SenatorWicker","MartinHeinrich",2
"SenatorWicker","Sen_JoeManchin",2
"SenatorWicker","SenAmyKlobuchar",2
"SenatorWicker","SenatorCardin",7
"SenatorWicker","SenatorDurbin",2
"SenatorWicker","SenatorHagerty",2
"SenatorWicker","SenatorRisch",1
"SenatorWicker","SenatorShaheen",3
"SenatorWicker","SenatorTimScott",1
"SenatorWicker","SenBlumenthal",1
"SenatorWicker","SenCapito",2
"SenatorWicker","SenHydeSmith",24
"SenatorWicker","SenJackyRosen",1
"SenatorWicker","SenJohnBarrasso",1
"SenatorWicker","SenJoniErnst",4
"SenatorWicker","SenKevinCramer",1
"SenatorWicker","SenMarkKelly",2
"SenatorWicker","SenMikeLee",2
"SenatorWicker","senrobportman",10
"SenatorWicker","SenSchumer",2
"SenatorWicker","SenSherrodBrown",1
"SenatorWicker","SenTedCruz",1
"SenatorWicker","SenThomTillis",1
"SenatorWicker","SenTomCotton",1
"SenatorWicker","SteveDaines",2
"SenBillCassidy","ChrisMurphyCT",4
"SenBillCassidy","JimInhofe",1
"SenBillCassidy","marcorubio",5
"SenBillCassidy","MarshaBlackburn",2
"SenBillCassidy","SenatorBraun",1
"SenBillCassidy","SenatorBurr",1
"SenBillCassidy","SenatorFischer",2
"SenBillCassidy","SenatorLujan",3
"SenBillCassidy","SenatorRisch",11
"SenBillCassidy","SenatorRomney",1
"SenBillCassidy","SenatorSinema",1
"SenBillCassidy","SenatorTimScott",19
"SenBillCassidy","SenHydeSmith",3
"SenBillCassidy","SenJohnBarrasso",2
"SenBillCassidy","SenJohnKennedy",2
"SenBillCassidy","SenJohnThune",14
"SenBillCassidy","SenJoniErnst",5
"SenBillCassidy","SenKevinCramer",8
"SenBillCassidy","SenLummis",5
"SenBillCassidy","SenSchumer",1
"SenBillCassidy","SenSherrodBrown",1
"SenBillCassidy","SenToddYoung",1
"SenBillCassidy","SteveDaines",7
"SenBlumenthal","ChrisCoons",1
"SenBlumenthal","ChrisMurphyCT",16
"SenBlumenthal","CoryBooker",1
"SenBlumenthal","JerryMoran",3
"SenBlumenthal","LindseyGrahamSC",1
"SenBlumenthal","MarshaBlackburn",9
"SenBlumenthal","maziehirono",1
"SenBlumenthal","PattyMurray",3
"SenBlumenthal","SenAlexPadilla",1
"SenBlumenthal","SenAmyKlobuchar",1
"SenBlumenthal","SenatorBaldwin",1
"SenBlumenthal","SenatorDurbin",2
"SenBlumenthal","SenatorLeahy",1
"SenBlumenthal","SenatorLujan",3
"SenBlumenthal","SenatorTester",4
"SenBlumenthal","SenatorWarnock",1
"SenBlumenthal","SenatorWicker",1
"SenBlumenthal","SenDuckworth",2
"SenBlumenthal","SenFeinstein",1
"SenBlumenthal","SenJeffMerkley",1
"SenBlumenthal","SenKevinCramer",1
"SenBlumenthal","SenMarkey",10
"SenBlumenthal","senrobportman",1
"SenBlumenthal","SenSchumer",1
"SenBlumenthal","SenStabenow",1
"SenBlumenthal","SenWarren",2
"SenBlumenthal","SenWhitehouse",8
"SenBlumenthal","timkaine",2
"SenBobCasey","ChrisMurphyCT",1
"SenBobCasey","ChrisVanHollen",4
"SenBobCasey","JerryMoran",1
"SenBobCasey","lisamurkowski",1
"SenBobCasey","MarkWarner",4
"SenBobCasey","PattyMurray",16
"SenBobCasey","RonWyden",2
"SenBobCasey","SenAlexPadilla",4
"SenBobCasey","SenAngusKing",1
"SenBobCasey","SenatorBaldwin",5
"SenBobCasey","SenatorCardin",3
"SenBobCasey","SenatorLeahy",1
"SenBobCasey","SenatorLujan",1
"SenBobCasey","SenatorShaheen",2
"SenBobCasey","SenatorTimScott",2
"SenBobCasey","SenatorWarnock",2
"SenBobCasey","SenBlumenthal",1
"SenBobCasey","SenBrianSchatz",2
"SenBobCasey","SenCortezMasto",1
"SenBobCasey","SenDuckworth",6
"SenBobCasey","SenJeffMerkley",4
"SenBobCasey","SenMarkKelly",2
"SenBobCasey","senrobportman",1
"SenBobCasey","SenSchumer",2
"SenBobCasey","SenSherrodBrown",7
"SenBobCasey","SenStabenow",1
"SenBobCasey","SenThomTillis",1
"SenBobCasey","SenTinaSmith",1
"SenBobCasey","SenToomey",4
"SenBobCasey","SenWarren",1
"SenBobCasey","SenWhitehouse",1
"SenBobCasey","timkaine",1
"SenBrianSchatz","ChrisCoons",3
"SenBrianSchatz","ChrisMurphyCT",4
"SenBrianSchatz","ChrisVanHollen",3
"SenBrianSchatz","ChuckGrassley",1
"SenBrianSchatz","JimInhofe",1
"SenBrianSchatz","JohnCornyn",1
"SenBrianSchatz","lisamurkowski",7
"SenBrianSchatz","MarkWarner",2
"SenBrianSchatz","MartinHeinrich",10
"SenBrianSchatz","maziehirono",2
"SenBrianSchatz","PattyMurray",13
"SenBrianSchatz","RonWyden",3
"SenBrianSchatz","Sen_JoeManchin",1
"SenBrianSchatz","SenAmyKlobuchar",1
"SenBrianSchatz","SenAngusKing",1
"SenBrianSchatz","SenatorBaldwin",11
"SenBrianSchatz","SenatorCantwell",2
"SenBrianSchatz","SenatorDurbin",11
"SenBrianSchatz","SenatorHassan",1
"SenBrianSchatz","SenatorLeahy",5
"SenBrianSchatz","SenatorShaheen",4
"SenBrianSchatz","SenatorTester",1
"SenBrianSchatz","SenBlumenthal",6
"SenBrianSchatz","SenBobCasey",4
"SenBrianSchatz","SenCortezMasto",4
"SenBrianSchatz","SenDuckworth",14
"SenBrianSchatz","SenFeinstein",10
"SenBrianSchatz","SenGillibrand",3
"SenBrianSchatz","SenJackReed",2
"SenBrianSchatz","SenJackyRosen",2
"SenBrianSchatz","SenJeffMerkley",8
"SenBrianSchatz","SenJohnThune",2
"SenBrianSchatz","SenMarkey",5
"SenBrianSchatz","SenSanders",3
"SenBrianSchatz","SenSchumer",15
"SenBrianSchatz","SenShelby",1
"SenBrianSchatz","SenSherrodBrown",1
"SenBrianSchatz","SenThomTillis",3
"SenBrianSchatz","SenTinaSmith",6
"SenBrianSchatz","SenToddYoung",2
"SenBrianSchatz","SenWarren",3
"SenBrianSchatz","SenWhitehouse",21
"SenCapito","ChrisVanHollen",2
"SenCapito","JimInhofe",1
"SenCapito","JohnBoozman",3
"SenCapito","LindseyGrahamSC",1
"SenCapito","MarshaBlackburn",1
"SenCapito","MikeCrapo",2
"SenCapito","Sen_JoeManchin",3
"SenCapito","SenAmyKlobuchar",1
"SenCapito","SenatorBraun",2
"SenCapito","SenatorBurr",1
"SenCapito","SenatorCantwell",3
"SenCapito","SenatorCardin",1
"SenCapito","SenatorCarper",4
"SenCapito","SenatorCollins",1
"SenCapito","SenatorLeahy",2
"SenCapito","SenatorLujan",2
"SenCapito","SenatorRisch",1
"SenCapito","SenatorRounds",1
"SenCapito","SenatorShaheen",1
"SenCapito","SenatorSinema",2
"SenCapito","SenatorTimScott",2
"SenCapito","SenatorWicker",3
"SenCapito","SenDuckworth",1
"SenCapito","SenFeinstein",1
"SenCapito","SenGillibrand",2
"SenCapito","SenJackReed",2
"SenCapito","SenJackyRosen",6
"SenCapito","SenJohnBarrasso",4
"SenCapito","SenJohnThune",1
"SenCapito","SenJoniErnst",10
"SenCapito","SenKevinCramer",2
"SenCapito","SenLummis",1
"SenCapito","SenShelby",1
"SenCapito","SenThomTillis",1
"SenCapito","SenTomCotton",1
"SenCapito","SenToomey",1
"SenCortezMasto","ChuckGrassley",4
"SenCortezMasto","JerryMoran",1
"SenCortezMasto","JohnBoozman",1
"SenCortezMasto","JohnCornyn",3
"SenCortezMasto","lisamurkowski",8
"SenCortezMasto","maziehirono",2
"SenCortezMasto","PattyMurray",4
"SenCortezMasto","SenAlexPadilla",6
"SenCortezMasto","SenAmyKlobuchar",2
"SenCortezMasto","SenatorBaldwin",4
"SenCortezMasto","SenatorBennet",2
"SenCortezMasto","SenatorCollins",1
"SenCortezMasto","SenatorDurbin",3
"SenCortezMasto","SenatorFischer",4
"SenCortezMasto","SenatorHassan",1
"SenCortezMasto","SenatorLeahy",1
"SenCortezMasto","SenatorLujan",7
"SenCortezMasto","SenatorMenendez",8
"SenCortezMasto","SenatorRounds",2
"SenCortezMasto","SenatorShaheen",4
"SenCortezMasto","SenatorTester",2
"SenCortezMasto","SenatorTimScott",1
"SenCortezMasto","SenatorWicker",3
"SenCortezMasto","SenBlumenthal",1
"SenCortezMasto","SenCapito",1
"SenCortezMasto","SenDuckworth",1
"SenCortezMasto","SenFeinstein",3
"SenCortezMasto","SenJackyRosen",43
"SenCortezMasto","SenJeffMerkley",1
"SenCortezMasto","SenJohnThune",2
"SenCortezMasto","SenJoniErnst",1
"SenCortezMasto","SenMarkKelly",1
"SenCortezMasto","SenSchumer",2
"SenCortezMasto","SenSherrodBrown",4
"SenCortezMasto","SenToddYoung",2
"SenCortezMasto","timkaine",2
"SenDanSullivan","ChrisCoons",13
"SenDanSullivan","ChrisVanHollen",5
"SenDanSullivan","ChuckGrassley",1
"SenDanSullivan","JimInhofe",6
"SenDanSullivan","JohnCornyn",1
"SenDanSullivan","LindseyGrahamSC",1
"SenDanSullivan","lisamurkowski",32
"SenDanSullivan","marcorubio",7
"SenDanSullivan","MartinHeinrich",1
"SenDanSullivan","Sen_JoeManchin",6
"SenDanSullivan","SenAngusKing",3
"SenDanSullivan","SenatorBraun",5
"SenDanSullivan","SenatorDurbin",3
"SenDanSullivan","SenatorLeahy",1
"SenDanSullivan","SenatorMenendez",5
"SenDanSullivan","SenatorRomney",1
"SenDanSullivan","SenatorRounds",2
"SenDanSullivan","SenatorShaheen",3
"SenDanSullivan","SenatorSinema",3
"SenDanSullivan","SenatorTester",1
"SenDanSullivan","SenatorTimScott",2
"SenDanSullivan","SenBlumenthal",1
"SenDanSullivan","SenBrianSchatz",2
"SenDanSullivan","SenDuckworth",5
"SenDanSullivan","SenHydeSmith",1
"SenDanSullivan","SenJohnBarrasso",2
"SenDanSullivan","SenJohnKennedy",7
"SenDanSullivan","SenJoniErnst",3
"SenDanSullivan","SenKevinCramer",10
"SenDanSullivan","SenLummis",8
"SenDanSullivan","SenMarkey",1
"SenDanSullivan","SenMikeLee",3
"SenDanSullivan","SenRickScott",12
"SenDanSullivan","SenTedCruz",2
"SenDanSullivan","SenThomTillis",1
"SenDanSullivan","SenTomCotton",2
"SenDanSullivan","SenTuberville",1
"SenDanSullivan","SenWhitehouse",8
"SenDanSullivan","SteveDaines",3
"SenDuckworth","ChrisVanHollen",2
"SenDuckworth","JerryMoran",1
"SenDuckworth","lisamurkowski",1
"SenDuckworth","maziehirono",6
"SenDuckworth","ossoff",2
"SenDuckworth","PattyMurray",2
"SenDuckworth","SenAmyKlobuchar",2
"SenDuckworth","SenatorBaldwin",1
"SenDuckworth","SenatorBennet",2
"SenDuckworth","SenatorCarper",2
"SenDuckworth","SenatorCollins",1
"SenDuckworth","SenatorDurbin",25
"SenDuckworth","SenatorLeahy",1
"SenDuckworth","SenatorLujan",3
"SenDuckworth","SenatorMenendez",2
"SenDuckworth","SenatorRisch",1
"SenDuckworth","SenatorShaheen",3
"SenDuckworth","SenatorWarnock",2
"SenDuckworth","SenBillCassidy",1
"SenDuckworth","SenBlumenthal",2
"SenDuckworth","SenBobCasey",5
"SenDuckworth","SenCapito",1
"SenDuckworth","SenFeinstein",1
"SenDuckworth","SenJackyRosen",2
"SenDuckworth","SenJohnThune",1
"SenDuckworth","SenJoniErnst",1
"SenDuckworth","SenMarkey",2
"SenDuckworth","senrobportman",2
"SenDuckworth","SenSchumer",7
"SenDuckworth","SenSherrodBrown",4
"SenDuckworth","SenStabenow",1
"SenDuckworth","SenThomTillis",1
"SenDuckworth","SenToddYoung",3
"SenDuckworth","SenWarren",1
"SenFeinstein","ChuckGrassley",4
"SenFeinstein","lisamurkowski",10
"SenFeinstein","PattyMurray",1
"SenFeinstein","RonWyden",2
"SenFeinstein","Sen_JoeManchin",2
"SenFeinstein","SenAlexPadilla",44
"SenFeinstein","SenatorBaldwin",1
"SenFeinstein","SenatorCantwell",2
"SenFeinstein","SenatorCollins",1
"SenFeinstein","SenatorDurbin",15
"SenFeinstein","SenatorLeahy",1
"SenFeinstein","SenatorShaheen",3
"SenFeinstein","SenBlumenthal",1
"SenFeinstein","SenBobCasey",2
"SenFeinstein","SenBrianSchatz",4
"SenFeinstein","SenCortezMasto",4
"SenFeinstein","SenDuckworth",5
"SenFeinstein","SenJackReed",2
"SenFeinstein","SenJackyRosen",6
"SenFeinstein","SenJeffMerkley",1
"SenFeinstein","SenJoniErnst",8
"SenFeinstein","SenMarkey",2
"SenFeinstein","SenStabenow",4
"SenFeinstein","SenTinaSmith",2
"SenFeinstein","SenToomey",1
"SenFeinstein","SenWarren",1
"SenFeinstein","SenWhitehouse",2
"SenGaryPeters","ChrisVanHollen",2
"SenGaryPeters","MarkWarner",1
"SenGaryPeters","SenAlexPadilla",3
"SenGaryPeters","SenatorCardin",2
"SenGaryPeters","SenatorLeahy",2
"SenGaryPeters","SenatorLujan",4
"SenGaryPeters","senrobportman",3
"SenGaryPeters","SenSchumer",1
"SenGaryPeters","SenSherrodBrown",1
"SenGaryPeters","SenStabenow",29
"SenGillibrand","CoryBooker",8
"SenGillibrand","marcorubio",3
"SenGillibrand","ossoff",5
"SenGillibrand","SenatorRounds",1
"SenGillibrand","SenJoniErnst",2
"SenGillibrand","SenLummis",4
"SenGillibrand","SenSchumer",3
"SenGillibrand","SenToomey",1
"SenHydeSmith","ChuckGrassley",2
"SenHydeSmith","JimInhofe",10
"SenHydeSmith","JohnBoozman",3
"SenHydeSmith","JohnCornyn",4
"SenHydeSmith","LindseyGrahamSC",2
"SenHydeSmith","marcorubio",11
"SenHydeSmith","MarkWarner",2
"SenHydeSmith","MarshaBlackburn",5
"SenHydeSmith","MikeCrapo",5
"SenHydeSmith","RonWyden",1
"SenHydeSmith","SenatorBraun",3
"SenHydeSmith","SenatorHagerty",5
"SenHydeSmith","SenatorLankford",5
"SenHydeSmith","SenatorLeahy",1
"SenHydeSmith","SenatorRisch",3
"SenHydeSmith","SenatorTimScott",7
"SenHydeSmith","SenatorWarnock",1
"SenHydeSmith","SenatorWicker",41
"SenHydeSmith","SenBillCassidy",5
"SenHydeSmith","SenBlumenthal",1
"SenHydeSmith","SenBrianSchatz",2
"SenHydeSmith","SenCapito",4
"SenHydeSmith","SenDanSullivan",2
"SenHydeSmith","SenDuckworth",1
"SenHydeSmith","SenJackyRosen",2
"SenHydeSmith","SenJohnBarrasso",4
"SenHydeSmith","SenJohnHoeven",1
"SenHydeSmith","SenJohnThune",3
"SenHydeSmith","SenJoniErnst",5
"SenHydeSmith","SenKevinCramer",3
"SenHydeSmith","SenLummis",3
"SenHydeSmith","SenMikeLee",2
"SenHydeSmith","SenRickScott",4
"SenHydeSmith","SenRonJohnson",1
"SenHydeSmith","SenSanders",1
"SenHydeSmith","SenSchumer",2
"SenHydeSmith","SenShelby",5
"SenHydeSmith","SenStabenow",1
"SenHydeSmith","SenTedCruz",5
"SenHydeSmith","SenThomTillis",4
"SenHydeSmith","SenTomCotton",6
"SenHydeSmith","SenTuberville",5
"SenHydeSmith","SenWhitehouse",1
"SenHydeSmith","SteveDaines",10
"SenJackReed","ChrisCoons",1
"SenJackReed","ChrisVanHollen",1
"SenJackReed","JimInhofe",8
"SenJackReed","lisamurkowski",1
"SenJackReed","MarkWarner",1
"SenJackReed","maziehirono",2
"SenJackReed","RonWyden",2
"SenJackReed","SenAngusKing",2
"SenJackReed","SenatorBurr",3
"SenJackReed","SenatorCollins",2
"SenJackReed","SenatorHassan",2
"SenJackReed","SenatorMenendez",3
"SenJackReed","SenatorRomney",3
"SenJackReed","SenatorShaheen",4
"SenJackReed","SenatorTester",3
"SenJackReed","SenatorTimScott",3
"SenJackReed","SenatorWarnock",1
"SenJackReed","SenatorWicker",1
"SenJackReed","SenBlumenthal",1
"SenJackReed","SenCapito",1
"SenJackReed","SenDuckworth",1
"SenJackReed","SenFeinstein",1
"SenJackReed","SenGaryPeters",2
"SenJackReed","SenJackyRosen",3
"SenJackReed","SenMarkKelly",4
"SenJackReed","SenSchumer",9
"SenJackReed","SenShelby",2
"SenJackReed","SenSherrodBrown",1
"SenJackReed","SenTinaSmith",3
"SenJackReed","SenWarren",1
"SenJackReed","SenWhitehouse",38
"SenJackyRosen","ChrisCoons",1
"SenJackyRosen","JerryMoran",3
"SenJackyRosen","JimInhofe",1
"SenJackyRosen","JohnBoozman",2
"SenJackyRosen","lisamurkowski",7
"SenJackyRosen","MarshaBlackburn",5
"SenJackyRosen","MartinHeinrich",3
"SenJackyRosen","MikeCrapo",1
"SenJackyRosen","SenatorBennet",1
"SenJackyRosen","SenatorCantwell",3
"SenJackyRosen","SenatorCarper",3
"SenJackyRosen","SenatorCollins",4
"SenJackyRosen","SenatorHassan",1
"SenJackyRosen","SenatorLankford",3
"SenJackyRosen","SenatorLujan",3
"SenJackyRosen","SenatorRomney",1
"SenJackyRosen","SenatorRounds",2
"SenJackyRosen","SenatorShaheen",3
"SenJackyRosen","SenatorTester",3
"SenJackyRosen","SenatorTimScott",3
"SenJackyRosen","SenatorWicker",4
"SenJackyRosen","SenBillCassidy",7
"SenJackyRosen","SenBrianSchatz",1
"SenJackyRosen","SenCapito",6
"SenJackyRosen","SenCortezMasto",55
"SenJackyRosen","SenDuckworth",1
"SenJackyRosen","SenGaryPeters",2
"SenJackyRosen","SenJeffMerkley",4
"SenJackyRosen","SenJohnHoeven",1
"SenJackyRosen","SenJoniErnst",7
"SenJackyRosen","SenKevinCramer",2
"SenJackyRosen","SenMarkKelly",1
"SenJackyRosen","SenRickScott",2
"SenJackyRosen","senrobportman",3
"SenJackyRosen","SenSchumer",2
"SenJackyRosen","SenThomTillis",2
"SenJackyRosen","SenTinaSmith",3
"SenJackyRosen","SenToddYoung",1
"SenJackyRosen","SenWarren",1
"SenJeffMerkley","ChrisCoons",2
"SenJeffMerkley","ChrisMurphyCT",10
"SenJeffMerkley","ChrisVanHollen",2
"SenJeffMerkley","CoryBooker",1
"SenJeffMerkley","MartinHeinrich",2
"SenJeffMerkley","PattyMurray",9
"SenJeffMerkley","RonWyden",73
"SenJeffMerkley","RoyBlunt",3
"SenJeffMerkley","SenAlexPadilla",3
"SenJeffMerkley","SenatorBaldwin",1
"SenJeffMerkley","SenatorCardin",2
"SenJeffMerkley","SenatorCarper",6
"SenJeffMerkley","SenatorCollins",1
"SenJeffMerkley","SenatorDurbin",3
"SenJeffMerkley","SenatorHassan",1
"SenJeffMerkley","SenatorLeahy",1
"SenJeffMerkley","SenatorLujan",6
"SenJeffMerkley","SenatorMenendez",4
"SenJeffMerkley","SenatorTester",2
"SenJeffMerkley","SenatorWarnock",4
"SenJeffMerkley","SenBlumenthal",2
"SenJeffMerkley","SenBobCasey",2
"SenJeffMerkley","SenCortezMasto",2
"SenJeffMerkley","SenDuckworth",5
"SenJeffMerkley","SenFeinstein",1
"SenJeffMerkley","SenJackReed",1
"SenJeffMerkley","SenJackyRosen",5
"SenJeffMerkley","SenMarkey",16
"SenJeffMerkley","SenSanders",2
"SenJeffMerkley","SenSchumer",13
"SenJeffMerkley","SenSherrodBrown",2
"SenJeffMerkley","SenTinaSmith",10
"SenJeffMerkley","SenWarren",8
"SenJeffMerkley","SenWhitehouse",25
"SenJohnBarrasso","ChrisMurphyCT",1
"SenJohnBarrasso","ChuckGrassley",10
"SenJohnBarrasso","JimInhofe",12
"SenJohnBarrasso","JohnBoozman",2
"SenJohnBarrasso","JohnCornyn",10
"SenJohnBarrasso","LindseyGrahamSC",4
"SenJohnBarrasso","lisamurkowski",5
"SenJohnBarrasso","MarshaBlackburn",2
"SenJohnBarrasso","MikeCrapo",5
"SenJohnBarrasso","RoyBlunt",2
"SenJohnBarrasso","Sen_JoeManchin",6
"SenJohnBarrasso","SenatorBennet",2
"SenJohnBarrasso","SenatorBraun",3
"SenJohnBarrasso","SenatorFischer",4
"SenJohnBarrasso","SenatorHagerty",16
"SenJohnBarrasso","SenatorLankford",5
"SenJohnBarrasso","SenatorLujan",2
"SenJohnBarrasso","SenatorRisch",46
"SenJohnBarrasso","SenatorRomney",2
"SenJohnBarrasso","SenatorRounds",4
"SenJohnBarrasso","SenatorTimScott",30
"SenJohnBarrasso","SenatorWicker",4
"SenJohnBarrasso","SenBillCassidy",4
"SenJohnBarrasso","SenCapito",14
"SenJohnBarrasso","SenDanSullivan",2
"SenJohnBarrasso","SenFeinstein",1
"SenJohnBarrasso","SenHydeSmith",13
"SenJohnBarrasso","SenJohnHoeven",5
"SenJohnBarrasso","SenJohnKennedy",2
"SenJohnBarrasso","SenJohnThune",26
"SenJohnBarrasso","SenJoniErnst",16
"SenJohnBarrasso","SenKevinCramer",19
"SenJohnBarrasso","SenLummis",38
"SenJohnBarrasso","SenMarkey",1
"SenJohnBarrasso","SenMikeLee",6
"SenJohnBarrasso","SenRickScott",2
"SenJohnBarrasso","senrobportman",2
"SenJohnBarrasso","SenSchumer",7
"SenJohnBarrasso","SenSherrodBrown",1
"SenJohnBarrasso","SenTedCruz",15
"SenJohnBarrasso","SenThomTillis",2
"SenJohnBarrasso","SenToomey",1
"SenJohnBarrasso","SenTuberville",4
"SenJohnBarrasso","SteveDaines",8
"SenJohnHoeven","ChuckGrassley",2
"SenJohnHoeven","JimInhofe",5
"SenJohnHoeven","JohnBoozman",7
"SenJohnHoeven","JohnCornyn",2
"SenJohnHoeven","MarshaBlackburn",1
"SenJohnHoeven","MartinHeinrich",1
"SenJohnHoeven","RonWyden",2
"SenJohnHoeven","SenAmyKlobuchar",8
"SenJohnHoeven","SenatorBaldwin",4
"SenJohnHoeven","SenatorBennet",2
"SenJohnHoeven","SenatorBraun",1
"SenJohnHoeven","SenatorHagerty",1
"SenJohnHoeven","SenatorHassan",1
"SenJohnHoeven","SenatorLankford",2
"SenJohnHoeven","SenatorRisch",2
"SenJohnHoeven","SenatorRounds",1
"SenJohnHoeven","SenatorShaheen",1
"SenJohnHoeven","SenatorSinema",2
"SenJohnHoeven","SenatorTester",1
"SenJohnHoeven","SenatorTimScott",3
"SenJohnHoeven","SenatorWicker",2
"SenJohnHoeven","SenCapito",2
"SenJohnHoeven","SenJackyRosen",1
"SenJohnHoeven","SenJohnBarrasso",4
"SenJohnHoeven","SenJohnThune",4
"SenJohnHoeven","SenJoniErnst",1
"SenJohnHoeven","SenKevinCramer",50
"SenJohnHoeven","SenLummis",1
"SenJohnHoeven","SenRickScott",3
"SenJohnHoeven","SenTedCruz",3
"SenJohnHoeven","SenThomTillis",3
"SenJohnHoeven","SenTinaSmith",3
"SenJohnHoeven","SenTomCotton",2
"SenJohnHoeven","SenTuberville",2
"SenJohnHoeven","SteveDaines",7
"SenJohnHoeven","timkaine",1
"SenJohnKennedy","JerryMoran",1
"SenJohnKennedy","JohnBoozman",1
"SenJohnKennedy","SenatorCarper",1
"SenJohnKennedy","SenHydeSmith",1
"SenJohnKennedy","SenJoniErnst",3
"SenJohnKennedy","SenRickScott",2
"SenJohnThune","ChuckGrassley",9
"SenJohnThune","JerryMoran",3
"SenJohnThune","JimInhofe",2
"SenJohnThune","JohnBoozman",9
"SenJohnThune","JohnCornyn",4
"SenJohnThune","LindseyGrahamSC",2
"SenJohnThune","marcorubio",1
"SenJohnThune","MikeCrapo",3
"SenJohnThune","RoyBlunt",3
"SenJohnThune","SenAmyKlobuchar",4
"SenJohnThune","SenatorBraun",2
"SenJohnThune","SenatorBurr",1
"SenJohnThune","SenatorCarper",2
"SenJohnThune","SenatorDurbin",4
"SenJohnThune","SenatorFischer",8
"SenJohnThune","SenatorHagerty",4
"SenJohnThune","SenatorLankford",5
"SenJohnThune","SenatorLujan",1
"SenJohnThune","SenatorRisch",4
"SenJohnThune","SenatorRounds",11
"SenJohnThune","SenatorSinema",1
"SenJohnThune","SenatorTester",1
"SenJohnThune","SenatorTimScott",16
"SenJohnThune","SenatorWicker",2
"SenJohnThune","SenBillCassidy",1
"SenJohnThune","SenCapito",6
"SenJohnThune","SenHydeSmith",4
"SenJohnThune","SenJohnBarrasso",2
"SenJohnThune","SenJohnHoeven",2
"SenJohnThune","SenJoniErnst",23
"SenJohnThune","SenKevinCramer",4
"SenJohnThune","SenMarkey",1
"SenJohnThune","SenRickScott",3
"SenJohnThune","senrobportman",2
"SenJohnThune","SenSanders",1
"SenJohnThune","SenSasse",1
"SenJohnThune","SenSchumer",3
"SenJohnThune","SenShelby",2
"SenJohnThune","SenStabenow",2
"SenJohnThune","SenTuberville",3
"SenJohnThune","SteveDaines",9
"SenJoniErnst","ChrisCoons",2
"SenJoniErnst","ChrisVanHollen",1
"SenJoniErnst","ChuckGrassley",49
"SenJoniErnst","JohnBoozman",1
"SenJoniErnst","JohnCornyn",4
"SenJoniErnst","lisamurkowski",2
"SenJoniErnst","marcorubio",1
"SenJoniErnst","MarshaBlackburn",1
"SenJoniErnst","RoyBlunt",1
"SenJoniErnst","Sen_JoeManchin",1
"SenJoniErnst","SenAmyKlobuchar",3
"SenJoniErnst","SenatorCollins",1
"SenJoniErnst","SenatorDurbin",1
"SenJoniErnst","SenatorHagerty",1
"SenJoniErnst","SenatorHassan",1
"SenJoniErnst","SenatorLankford",1
"SenJoniErnst","SenatorRisch",1
"SenJoniErnst","SenatorRomney",1
"SenJoniErnst","SenatorShaheen",1
"SenJoniErnst","SenCapito",2
"SenJoniErnst","SenDuckworth",4
"SenJoniErnst","SenFeinstein",2
"SenJoniErnst","SenGaryPeters",1
"SenJoniErnst","SenGillibrand",2
"SenJoniErnst","SenJackyRosen",1
"SenJoniErnst","SenJohnKennedy",2
"SenJoniErnst","SenJohnThune",5
"SenJoniErnst","SenRickScott",4
"SenJoniErnst","SenSchumer",1
"SenJoniErnst","SenTedCruz",1
"SenJoniErnst","SenTinaSmith",3
"SenJoniErnst","SenWarren",1
"SenJoniErnst","SteveDaines",1
"SenKevinCramer","ChrisCoons",2
"SenKevinCramer","JerryMoran",1
"SenKevinCramer","JimInhofe",2
"SenKevinCramer","LindseyGrahamSC",1
"SenKevinCramer","lisamurkowski",1
"SenKevinCramer","MartinHeinrich",1
"SenKevinCramer","SenAmyKlobuchar",1
"SenKevinCramer","SenatorBraun",2
"SenKevinCramer","SenatorHassan",1
"SenKevinCramer","SenatorHick",2
"SenKevinCramer","SenatorLujan",4
"SenKevinCramer","SenatorRounds",1
"SenKevinCramer","SenatorTester",4
"SenKevinCramer","SenatorTimScott",2
"SenKevinCramer","SenatorWicker",1
"SenKevinCramer","SenBillCassidy",6
"SenKevinCramer","SenBlumenthal",1
"SenKevinCramer","SenCapito",1
"SenKevinCramer","SenDanSullivan",6
"SenKevinCramer","SenJackyRosen",1
"SenKevinCramer","SenJohnBarrasso",3
"SenKevinCramer","SenJohnHoeven",16
"SenKevinCramer","SenJohnThune",1
"SenKevinCramer","SenJoniErnst",4
"SenKevinCramer","SenLummis",3
"SenKevinCramer","SenRickScott",3
"SenKevinCramer","SenRonJohnson",1
"SenKevinCramer","SenSchumer",2
"SenKevinCramer","SenTedCruz",5
"SenKevinCramer","SenTinaSmith",1
"SenKevinCramer","SenTomCotton",1
"SenKevinCramer","SenTuberville",3
"SenKevinCramer","SteveDaines",2
"SenLummis","ChuckGrassley",2
"SenLummis","HawleyMO",1
"SenLummis","JohnCornyn",2
"SenLummis","LindseyGrahamSC",2
"SenLummis","marcorubio",1
"SenLummis","MarkWarner",3
"SenLummis","MarshaBlackburn",3
"SenLummis","MikeCrapo",3
"SenLummis","RonWyden",11
"SenLummis","Sen_JoeManchin",9
"SenLummis","SenatorBraun",3
"SenLummis","SenatorCantwell",1
"SenLummis","SenatorHagerty",4
"SenLummis","SenatorHick",1
"SenLummis","SenatorLujan",2
"SenLummis","SenatorRisch",2
"SenLummis","SenatorRounds",3
"SenLummis","SenatorSinema",7
"SenLummis","SenatorTimScott",10
"SenLummis","SenatorWicker",2
"SenLummis","SenBillCassidy",8
"SenLummis","SenCapito",2
"SenLummis","SenDanSullivan",8
"SenLummis","SenFeinstein",1
"SenLummis","SenGaryPeters",2
"SenLummis","SenGillibrand",20
"SenLummis","SenHydeSmith",2
"SenLummis","SenJohnBarrasso",29
"SenLummis","SenJohnKennedy",2
"SenLummis","SenJohnThune",4
"SenLummis","SenJoniErnst",5
"SenLummis","SenKevinCramer",4
"SenLummis","SenMarkKelly",2
"SenLummis","SenMikeLee",6
"SenLummis","SenRickScott",10
"SenLummis","senrobportman",2
"SenLummis","SenSherrodBrown",1
"SenLummis","SenStabenow",1
"SenLummis","SenTedCruz",4
"SenLummis","SenThomTillis",1
"SenLummis","SenToomey",39
"SenLummis","SenTuberville",7
"SenLummis","SteveDaines",29
"SenMarkey","MarkWarner",2
"SenMarkey","MartinHeinrich",3
"SenMarkey","RonWyden",1
"SenMarkey","SenatorBaldwin",1
"SenMarkey","SenatorDurbin",2
"SenMarkey","SenatorLeahy",2
"SenMarkey","SenatorLujan",2
"SenMarkey","SenBlumenthal",6
"SenMarkey","SenDuckworth",5
"SenMarkey","SenJeffMerkley",9
"SenMarkey","SenRickScott",1
"SenMarkey","SenSanders",3
"SenMarkey","SenSchumer",2
"SenMarkey","SenWarren",20
"SenMarkey","SenWhitehouse",2
"SenMarkey","timkaine",3
"SenMarkKelly","ChrisVanHollen",2
"SenMarkKelly","MarkWarner",2
"SenMarkKelly","ossoff",2
"SenMarkKelly","Sen_JoeManchin",2
"SenMarkKelly","SenatorCollins",1
"SenMarkKelly","SenatorLujan",2
"SenMarkKelly","SenatorRisch",2
"SenMarkKelly","SenatorRomney",3
"SenMarkKelly","SenatorSinema",10
"SenMarkKelly","SenBobCasey",4
"SenMarkKelly","SenBrianSchatz",1
"SenMarkKelly","SenFeinstein",1
"SenMarkKelly","SenJoniErnst",1
"SenMarkKelly","SenKevinCramer",1
"SenMikeLee","ChrisMurphyCT",4
"SenMikeLee","ChuckGrassley",1
"SenMikeLee","JerryMoran",1
"SenMikeLee","lisamurkowski",2
"SenMikeLee","marcorubio",5
"SenMikeLee","MarshaBlackburn",2
"SenMikeLee","MikeCrapo",1
"SenMikeLee","RandPaul",3
"SenMikeLee","RonWyden",7
"SenMikeLee","Sen_JoeManchin",2
"SenMikeLee","SenAmyKlobuchar",3
"SenMikeLee","SenatorBraun",5
"SenMikeLee","SenatorCantwell",1
"SenMikeLee","SenatorCollins",1
"SenMikeLee","SenatorDurbin",1
"SenMikeLee","SenatorLankford",2
"SenMikeLee","SenatorLeahy",10
"SenMikeLee","SenatorRisch",3
"SenMikeLee","SenatorRomney",6
"SenMikeLee","SenatorShaheen",1
"SenMikeLee","SenatorSinema",4
"SenMikeLee","SenatorTimScott",1
"SenMikeLee","SenatorWicker",1
"SenMikeLee","SenBlumenthal",1
"SenMikeLee","SenCortezMasto",1
"SenMikeLee","SenDanSullivan",3
"SenMikeLee","SenFeinstein",1
"SenMikeLee","SenJohnBarrasso",1
"SenMikeLee","SenJohnKennedy",1
"SenMikeLee","SenJoniErnst",3
"SenMikeLee","SenLummis",2
"SenMikeLee","SenMarkKelly",1
"SenMikeLee","SenRickScott",4
"SenMikeLee","senrobportman",1
"SenMikeLee","SenRonJohnson",4
"SenMikeLee","SenSanders",4
"SenMikeLee","SenSchumer",2
"SenMikeLee","SenTedCruz",5
"SenMikeLee","SenToddYoung",2
"SenMikeLee","SenToomey",2
"SenMikeLee","SenTuberville",2
"SenMikeLee","SteveDaines",6
"SenRickScott","ChrisCoons",1
"SenRickScott","ChuckGrassley",10
"SenRickScott","HawleyMO",3
"SenRickScott","JerryMoran",2
"SenRickScott","JimInhofe",3
"SenRickScott","JohnBoozman",1
"SenRickScott","JohnCornyn",3
"SenRickScott","LindseyGrahamSC",3
"SenRickScott","marcorubio",35
"SenRickScott","MarkWarner",2
"SenRickScott","MarshaBlackburn",7
"SenRickScott","MartinHeinrich",2
"SenRickScott","MikeCrapo",1
"SenRickScott","Sen_JoeManchin",2
"SenRickScott","SenAlexPadilla",2
"SenRickScott","SenatorBennet",1
"SenRickScott","SenatorBraun",10
"SenRickScott","SenatorHagerty",5
"SenRickScott","SenatorHick",2
"SenRickScott","SenatorLankford",2
"SenRickScott","SenatorLujan",1
"SenRickScott","SenatorMenendez",1
"SenRickScott","SenatorRisch",8
"SenRickScott","SenatorRomney",1
"SenRickScott","SenatorShaheen",2
"SenRickScott","SenatorTimScott",4
"SenRickScott","SenatorWicker",2
"SenRickScott","SenCapito",2
"SenRickScott","SenDanSullivan",2
"SenRickScott","SenGaryPeters",5
"SenRickScott","SenJohnBarrasso",2
"SenRickScott","SenJohnHoeven",2
"SenRickScott","SenJohnKennedy",4
"SenRickScott","SenJohnThune",6
"SenRickScott","SenJoniErnst",15
"SenRickScott","SenKevinCramer",3
"SenRickScott","SenLummis",5
"SenRickScott","SenMikeLee",9
"SenRickScott","senrobportman",1
"SenRickScott","SenRonJohnson",18
"SenRickScott","SenSchumer",25
"SenRickScott","SenSherrodBrown",1
"SenRickScott","SenTedCruz",10
"SenRickScott","SenThomTillis",1
"SenRickScott","SenToddYoung",1
"SenRickScott","SenTomCotton",2
"SenRickScott","SenToomey",2
"SenRickScott","SenTuberville",3
"SenRickScott","SteveDaines",4
"senrobportman","ChrisCoons",1
"senrobportman","ChrisMurphyCT",1
"senrobportman","ChrisVanHollen",1
"senrobportman","ChuckGrassley",2
"senrobportman","CoryBooker",2
"senrobportman","SenAlexPadilla",2
"senrobportman","SenAmyKlobuchar",1
"senrobportman","SenatorBennet",2
"senrobportman","SenatorCardin",7
"senrobportman","SenatorCarper",6
"senrobportman","SenatorDurbin",7
"senrobportman","SenatorHassan",4
"senrobportman","SenatorLujan",2
"senrobportman","SenatorRisch",1
"senrobportman","SenatorShaheen",11
"senrobportman","SenatorSinema",1
"senrobportman","SenatorTimScott",1
"senrobportman","SenatorWicker",4
"senrobportman","SenBlumenthal",1
"senrobportman","SenDuckworth",1
"senrobportman","SenGaryPeters",7
"senrobportman","SenHydeSmith",1
"senrobportman","SenKevinCramer",1
"senrobportman","SenShelby",1
"senrobportman","SenSherrodBrown",7
"senrobportman","SenToddYoung",1
"senrobportman","SenWhitehouse",2
"senrobportman","SteveDaines",1
"SenRonJohnson","ChrisMurphyCT",1
"SenRonJohnson","ChuckGrassley",8
"SenRonJohnson","HawleyMO",1
"SenRonJohnson","JerryMoran",2
"SenRonJohnson","JimInhofe",2
"SenRonJohnson","LindseyGrahamSC",1
"SenRonJohnson","marcorubio",1
"SenRonJohnson","MarshaBlackburn",7
"SenRonJohnson","RandPaul",4
"SenRonJohnson","SenatorBaldwin",1
"SenRonJohnson","SenatorBraun",6
"SenRonJohnson","SenatorFischer",1
"SenRonJohnson","SenatorHagerty",4
"SenRonJohnson","SenatorLankford",3
"SenRonJohnson","SenatorShaheen",2
"SenRonJohnson","SenGaryPeters",4
"SenRonJohnson","SenJohnBarrasso",1
"SenRonJohnson","SenJoniErnst",1
"SenRonJohnson","SenLummis",1
"SenRonJohnson","SenMikeLee",5
"SenRonJohnson","SenRickScott",17
"SenRonJohnson","senrobportman",2
"SenRonJohnson","SenSchumer",2
"SenRonJohnson","SenTedCruz",6
"SenRonJohnson","SenThomTillis",1
"SenRonJohnson","SenToomey",1
"SenRonJohnson","SteveDaines",2
"SenSanders","ChrisMurphyCT",2
"SenSanders","LindseyGrahamSC",1
"SenSanders","maziehirono",1
"SenSanders","Sen_JoeManchin",3
"SenSanders","SenAlexPadilla",1
"SenSanders","SenAmyKlobuchar",3
"SenSanders","SenatorLeahy",2
"SenSanders","SenatorMenendez",1
"SenSanders","SenMarkey",2
"SenSanders","SenSchumer",4
"SenSanders","SenSherrodBrown",2
"SenSanders","SenWarren",8
"SenSanders","SenWhitehouse",1
"SenSasse","ChrisMurphyCT",1
"SenSasse","ChuckGrassley",2
"SenSasse","marcorubio",1
"SenSasse","RandPaul",2
"SenSasse","Sen_JoeManchin",1
"SenSasse","SenatorCardin",1
"SenSasse","SenatorFischer",28
"SenSasse","SenatorLankford",1
"SenSasse","SenatorMenendez",1
"SenSasse","SenatorTester",2
"SenSasse","SenBrianSchatz",2
"SenSasse","SenJeffMerkley",1
"SenSasse","SenJohnBarrasso",2
"SenSasse","SenJoniErnst",1
"SenSasse","SenMarkey",1
"SenSasse","SenMikeLee",8
"SenSasse","SenSanders",1
"SenSasse","SenSchumer",1
"SenSasse","SenThomTillis",2
"SenSasse","SenTomCotton",2
"SenSchumer","ChrisMurphyCT",1
"SenSchumer","ChrisVanHollen",3
"SenSchumer","JohnCornyn",4
"SenSchumer","maziehirono",7
"SenSchumer","PattyMurray",4
"SenSchumer","RonWyden",5
"SenSchumer","SenAlexPadilla",1
"SenSchumer","SenatorCantwell",2
"SenSchumer","SenatorDurbin",1
"SenSchumer","SenatorLujan",4
"SenSchumer","SenatorWarnock",4
"SenSchumer","SenDuckworth",2
"SenSchumer","SenGillibrand",5
"SenSchumer","SenJackyRosen",2
"SenSchumer","SenMarkey",3
"SenSchumer","SenStabenow",2
"SenSchumer","SenWarren",15
"SenSchumer","SenWhitehouse",2
"SenSchumer","timkaine",1
"SenShelby","JimInhofe",6
"SenShelby","marcorubio",2
"SenShelby","RoyBlunt",7
"SenShelby","SenatorBraun",2
"SenShelby","SenatorLeahy",10
"SenShelby","SenatorTimScott",2
"SenShelby","SenatorWicker",3
"SenShelby","SenCapito",7
"SenShelby","SenJohnKennedy",4
"SenShelby","SenJohnThune",3
"SenShelby","senrobportman",3
"SenShelby","SenSchumer",2
"SenShelby","SenThomTillis",1
"SenShelby","SenToomey",2
"SenShelby","SenTuberville",4
"SenSherrodBrown","ChrisVanHollen",4
"SenSherrodBrown","JerryMoran",1
"SenSherrodBrown","MarkWarner",4
"SenSherrodBrown","PattyMurray",4
"SenSherrodBrown","RonWyden",17
"SenSherrodBrown","SenAlexPadilla",21
"SenSherrodBrown","SenAmyKlobuchar",1
"SenSherrodBrown","SenatorBaldwin",10
"SenSherrodBrown","SenatorBennet",26
"SenSherrodBrown","SenatorCollins",1
"SenSherrodBrown","SenatorLeahy",1
"SenSherrodBrown","SenatorLujan",1
"SenSherrodBrown","SenatorTester",3
"SenSherrodBrown","SenatorWarnock",12
"SenSherrodBrown","SenBillCassidy",4
"SenSherrodBrown","SenBobCasey",15
"SenSherrodBrown","SenCortezMasto",4
"SenSherrodBrown","SenDuckworth",4
"SenSherrodBrown","SenJackReed",8
"SenSherrodBrown","SenJeffMerkley",9
"SenSherrodBrown","SenJohnThune",1
"SenSherrodBrown","senrobportman",8
"SenSherrodBrown","SenSanders",2
"SenSherrodBrown","SenStabenow",5
"SenSherrodBrown","SenTinaSmith",7
"SenSherrodBrown","SenToomey",2
"SenSherrodBrown","SenWarren",25
"SenSherrodBrown","SenWhitehouse",16
"SenSherrodBrown","timkaine",1
"SenStabenow","ChrisCoons",2
"SenStabenow","ChrisMurphyCT",1
"SenStabenow","ChrisVanHollen",4
"SenStabenow","JohnBoozman",8
"SenStabenow","MarkWarner",3
"SenStabenow","maziehirono",4
"SenStabenow","PattyMurray",2
"SenStabenow","RonWyden",2
"SenStabenow","RoyBlunt",8
"SenStabenow","SenAmyKlobuchar",4
"SenStabenow","SenatorBaldwin",2
"SenStabenow","SenatorBennet",2
"SenStabenow","SenatorCarper",3
"SenStabenow","SenatorDurbin",3
"SenStabenow","SenatorHassan",2
"SenStabenow","SenatorLeahy",1
"SenStabenow","SenatorLujan",1
"SenStabenow","SenatorMenendez",2
"SenStabenow","SenatorShaheen",2
"SenStabenow","SenatorTester",1
"SenStabenow","SenatorWarnock",6
"SenStabenow","SenBobCasey",2
"SenStabenow","SenDuckworth",4
"SenStabenow","SenFeinstein",1
"SenStabenow","SenGaryPeters",25
"SenStabenow","SenJackReed",2
"SenStabenow","SenJackyRosen",2
"SenStabenow","SenJohnThune",1
"SenStabenow","SenMarkKelly",2
"SenStabenow","senrobportman",1
"SenStabenow","SenSchumer",7
"SenStabenow","SenTinaSmith",4
"SenStabenow","SenWarren",5
"SenStabenow","SenWhitehouse",5
"SenTedCruz","ChuckGrassley",1
"SenTedCruz","JohnCornyn",4
"SenTedCruz","LindseyGrahamSC",1
"SenTedCruz","MarshaBlackburn",4
"SenTedCruz","SenatorBraun",2
"SenTedCruz","SenatorCardin",1
"SenTedCruz","SenatorDurbin",1
"SenTedCruz","SenatorLankford",1
"SenTedCruz","SenatorMenendez",1
"SenTedCruz","SenatorRisch",1
"SenTedCruz","SenatorTimScott",4
"SenTedCruz","SenBillCassidy",2
"SenTedCruz","SenCapito",1
"SenTedCruz","SenJohnBarrasso",3
"SenTedCruz","SenJohnKennedy",2
"SenTedCruz","SenJoniErnst",2
"SenTedCruz","SenLummis",2
"SenTedCruz","SenMikeLee",5
"SenTedCruz","SenRonJohnson",2
"SenThomTillis","ChrisCoons",7
"SenThomTillis","ChrisMurphyCT",6
"SenThomTillis","ChuckGrassley",5
"SenThomTillis","JerryMoran",4
"SenThomTillis","JimInhofe",4
"SenThomTillis","JohnCornyn",11
"SenThomTillis","LindseyGrahamSC",1
"SenThomTillis","MarkWarner",1
"SenThomTillis","MarshaBlackburn",2
"SenThomTillis","MikeCrapo",2
"SenThomTillis","RandPaul",1
"SenThomTillis","SenAngusKing",1
"SenThomTillis","SenatorBennet",2
"SenThomTillis","SenatorBraun",1
"SenThomTillis","SenatorBurr",13
"SenThomTillis","SenatorCollins",1
"SenThomTillis","SenatorDurbin",2
"SenThomTillis","SenatorHagerty",1
"SenThomTillis","SenatorHassan",13
"SenThomTillis","SenatorHick",1
"SenThomTillis","SenatorLankford",1
"SenThomTillis","SenatorLeahy",5
"SenThomTillis","SenatorLujan",2
"SenThomTillis","SenatorRomney",2
"SenThomTillis","SenatorRounds",2
"SenThomTillis","SenatorShaheen",39
"SenThomTillis","SenatorSinema",11
"SenThomTillis","SenatorTester",2
"SenThomTillis","SenatorTimScott",5
"SenThomTillis","SenatorWicker",1
"SenThomTillis","SenBillCassidy",3
"SenThomTillis","SenBobCasey",2
"SenThomTillis","SenCapito",2
"SenThomTillis","SenDanSullivan",1
"SenThomTillis","SenFeinstein",4
"SenThomTillis","SenJackReed",1
"SenThomTillis","SenJackyRosen",3
"SenThomTillis","SenJoniErnst",9
"SenThomTillis","SenKevinCramer",1
"SenThomTillis","SenLummis",3
"SenThomTillis","SenMarkKelly",1
"SenThomTillis","SenMikeLee",1
"SenThomTillis","SenRickScott",1
"SenThomTillis","SenSasse",1
"SenThomTillis","SenSchumer",1
"SenThomTillis","SenSherrodBrown",2
"SenThomTillis","SenStabenow",1
"SenThomTillis","SenTedCruz",2
"SenThomTillis","SenTomCotton",4
"SenThomTillis","SenToomey",4
"SenThomTillis","SenTuberville",2
"SenThomTillis","SenWarren",1
"SenThomTillis","SenWhitehouse",2
"SenThomTillis","timkaine",1
"SenTinaSmith","ChrisMurphyCT",1
"SenTinaSmith","JerryMoran",1
"SenTinaSmith","lisamurkowski",2
"SenTinaSmith","MarkWarner",7
"SenTinaSmith","MartinHeinrich",3
"SenTinaSmith","maziehirono",1
"SenTinaSmith","PattyMurray",3
"SenTinaSmith","RandPaul",1
"SenTinaSmith","SenAlexPadilla",4
"SenTinaSmith","SenAmyKlobuchar",27
"SenTinaSmith","SenAngusKing",1
"SenTinaSmith","SenatorBaldwin",5
"SenTinaSmith","SenatorBennet",1
"SenTinaSmith","SenatorHassan",6
"SenTinaSmith","SenatorHick",1
"SenTinaSmith","SenatorLujan",13
"SenTinaSmith","SenatorRounds",1
"SenTinaSmith","SenatorTester",2
"SenTinaSmith","SenatorWarnock",8
"SenTinaSmith","SenatorWicker",1
"SenTinaSmith","SenBillCassidy",2
"SenTinaSmith","SenBlumenthal",2
"SenTinaSmith","SenBrianSchatz",1
"SenTinaSmith","SenJeffMerkley",4
"SenTinaSmith","SenMarkey",4
"SenTinaSmith","SenSchumer",4
"SenTinaSmith","SenSherrodBrown",7
"SenTinaSmith","SenThomTillis",1
"SenTinaSmith","SenWarren",29
"SenTinaSmith","SenWhitehouse",1
"SenToddYoung","ChrisCoons",2
"SenToddYoung","ChrisVanHollen",1
"SenToddYoung","ChuckGrassley",1
"SenToddYoung","CoryBooker",3
"SenToddYoung","JimInhofe",2
"SenToddYoung","marcorubio",2
"SenToddYoung","MarkWarner",1
"SenToddYoung","SenatorBennet",3
"SenToddYoung","SenatorBraun",2
"SenToddYoung","SenatorBurr",1
"SenToddYoung","SenatorCardin",3
"SenToddYoung","SenatorHagerty",2
"SenToddYoung","SenatorHassan",1
"SenToddYoung","SenatorLankford",1
"SenToddYoung","SenatorMenendez",1
"SenToddYoung","SenatorRisch",2
"SenToddYoung","SenatorRounds",1
"SenToddYoung","SenatorShaheen",1
"SenToddYoung","SenatorTimScott",5
"SenToddYoung","SenatorWicker",1
"SenToddYoung","SenBobCasey",2
"SenToddYoung","SenCortezMasto",3
"SenToddYoung","SenDuckworth",3
"SenToddYoung","SenGaryPeters",1
"SenToddYoung","SenHydeSmith",1
"SenToddYoung","SenJackyRosen",3
"SenToddYoung","SenKevinCramer",1
"SenToddYoung","SenMikeLee",1
"SenToddYoung","SenRickScott",1
"SenToddYoung","senrobportman",3
"SenToddYoung","SenSherrodBrown",1
"SenToddYoung","SteveDaines",1
"SenTomCotton","ChrisCoons",1
"SenTomCotton","ChrisMurphyCT",2
"SenTomCotton","ChuckGrassley",1
"SenTomCotton","JohnBoozman",23
"SenTomCotton","JohnCornyn",3
"SenTomCotton","lisamurkowski",1
"SenTomCotton","MarshaBlackburn",2
"SenTomCotton","Sen_JoeManchin",1
"SenTomCotton","SenAmyKlobuchar",1
"SenTomCotton","SenatorCollins",2
"SenTomCotton","SenatorHagerty",2
"SenTomCotton","SenatorRisch",1
"SenTomCotton","SenCapito",1
"SenTomCotton","SenDanSullivan",1
"SenTomCotton","SenJoniErnst",1
"SenTomCotton","SenMikeLee",2
"SenTomCotton","SenSanders",1
"SenTomCotton","SenShelby",2
"SenTomCotton","SenTuberville",2
"SenTomCotton","SteveDaines",2
"SenToomey","ChrisMurphyCT",2
"SenToomey","ChrisVanHollen",17
"SenToomey","ChuckGrassley",2
"SenToomey","HawleyMO",2
"SenToomey","JerryMoran",2
"SenToomey","JimInhofe",1
"SenToomey","JohnCornyn",1
"SenToomey","LindseyGrahamSC",1
"SenToomey","MarkWarner",1
"SenToomey","MikeCrapo",3
"SenToomey","RonWyden",1
"SenToomey","Sen_JoeManchin",4
"SenToomey","SenatorBennet",7
"SenToomey","SenatorCardin",1
"SenToomey","SenatorFischer",1
"SenToomey","SenatorHagerty",2
"SenToomey","SenatorHassan",1
"SenToomey","SenatorLujan",1
"SenToomey","SenatorMenendez",1
"SenToomey","SenatorRisch",4
"SenToomey","SenatorRounds",2
"SenToomey","SenatorShaheen",1
"SenToomey","SenatorSinema",2
"SenToomey","SenatorTimScott",11
"SenToomey","SenBlumenthal",1
"SenToomey","SenBobCasey",18
"SenToomey","SenCapito",3
"SenToomey","SenCortezMasto",1
"SenToomey","SenFeinstein",4
"SenToomey","SenJeffMerkley",1
"SenToomey","SenJohnKennedy",2
"SenToomey","SenJoniErnst",1
"SenToomey","SenKevinCramer",1
"SenToomey","SenLummis",2
"SenToomey","SenMikeLee",1
"SenToomey","senrobportman",1
"SenToomey","SenRonJohnson",2
"SenToomey","SenSanders",1
"SenToomey","SenSchumer",2
"SenToomey","SenSherrodBrown",3
"SenToomey","SenStabenow",3
"SenToomey","SenTedCruz",1
"SenToomey","SenThomTillis",5
"SenToomey","SenTomCotton",3
"SenToomey","SenWarren",3
"SenToomey","SteveDaines",2
"SenTuberville","HawleyMO",1
"SenTuberville","JimInhofe",13
"SenTuberville","JohnBoozman",1
"SenTuberville","JohnCornyn",5
"SenTuberville","LindseyGrahamSC",1
"SenTuberville","marcorubio",1
"SenTuberville","MarshaBlackburn",2
"SenTuberville","MikeCrapo",3
"SenTuberville","Sen_JoeManchin",1
"SenTuberville","SenatorBurr",1
"SenTuberville","SenatorLujan",2
"SenTuberville","SenatorRisch",1
"SenTuberville","SenJohnThune",3
"SenTuberville","SenMikeLee",1
"SenTuberville","SenRickScott",4
"SenTuberville","SenSchumer",8
"SenTuberville","SenShelby",12
"SenTuberville","SenTedCruz",1
"SenTuberville","SenTomCotton",1
"SenTuberville","SteveDaines",2
"SenWarren","ChrisMurphyCT",1
"SenWarren","ChrisVanHollen",1
"SenWarren","ChuckGrassley",4
"SenWarren","MarkWarner",8
"SenWarren","MarshaBlackburn",1
"SenWarren","MartinHeinrich",2
"SenWarren","maziehirono",1
"SenWarren","PattyMurray",13
"SenWarren","RonWyden",3
"SenWarren","SenAlexPadilla",5
"SenWarren","SenAmyKlobuchar",2
"SenWarren","SenAngusKing",3
"SenWarren","SenatorBaldwin",5
"SenWarren","SenatorCarper",2
"SenWarren","SenatorDurbin",1
"SenWarren","SenatorLujan",1
"SenWarren","SenatorMenendez",1
"SenWarren","SenatorRounds",1
"SenWarren","SenatorTester",4
"SenWarren","SenatorWarnock",3
"SenWarren","SenBlumenthal",3
"SenWarren","SenBobCasey",2
"SenWarren","SenDuckworth",3
"SenWarren","SenJackReed",5
"SenWarren","SenJeffMerkley",3
"SenWarren","SenJoniErnst",1
"SenWarren","SenMarkey",17
"SenWarren","SenRickScott",1
"SenWarren","SenSanders",6
"SenWarren","SenSchumer",10
"SenWarren","SenSherrodBrown",9
"SenWarren","SenStabenow",3
"SenWarren","SenTinaSmith",11
"SenWarren","SenWhitehouse",16
"SenWarren","SteveDaines",9
"SenWhitehouse","ChrisMurphyCT",2
"SenWhitehouse","ChrisVanHollen",10
"SenWhitehouse","ChuckGrassley",1
"SenWhitehouse","MartinHeinrich",7
"SenWhitehouse","maziehirono",2
"SenWhitehouse","PattyMurray",4
"SenWhitehouse","RonWyden",2
"SenWhitehouse","SenatorCarper",1
"SenWhitehouse","SenatorMenendez",4
"SenWhitehouse","SenBlumenthal",7
"SenWhitehouse","SenBrianSchatz",1
"SenWhitehouse","SenJackReed",6
"SenWhitehouse","SenJeffMerkley",29
"SenWhitehouse","SenMarkey",2
"SenWhitehouse","SenSanders",3
"SenWhitehouse","SenStabenow",1
"SenWhitehouse","SenTinaSmith",2
"SenWhitehouse","SenWarren",12
"SteveDaines","ChuckGrassley",2
"SteveDaines","CoryBooker",1
"SteveDaines","HawleyMO",1
"SteveDaines","JohnBoozman",2
"SteveDaines","JohnCornyn",5
"SteveDaines","lisamurkowski",1
"SteveDaines","marcorubio",3
"SteveDaines","MarshaBlackburn",1
"SteveDaines","RandPaul",1
"SteveDaines","Sen_JoeManchin",1
"SteveDaines","SenAngusKing",8
"SteveDaines","SenatorBraun",2
"SteveDaines","SenatorHick",1
"SteveDaines","SenatorLankford",4
"SteveDaines","SenatorLujan",2
"SteveDaines","SenatorRisch",2
"SteveDaines","SenatorRomney",1
"SteveDaines","SenatorRounds",4
"SteveDaines","SenatorTester",11
"SteveDaines","SenatorTimScott",3
"SteveDaines","SenatorWicker",3
"SteveDaines","SenBillCassidy",1
"SteveDaines","SenBobCasey",5
"SteveDaines","SenBrianSchatz",2
"SteveDaines","SenGaryPeters",1
"SteveDaines","SenHydeSmith",1
"SteveDaines","SenJohnHoeven",4
"SteveDaines","SenJohnKennedy",1
"SteveDaines","SenJohnThune",6
"SteveDaines","SenJoniErnst",2
"SteveDaines","SenKevinCramer",3
"SteveDaines","SenLummis",4
"SteveDaines","SenMarkey",1
"SteveDaines","SenMikeLee",2
"SteveDaines","SenRickScott",2
"SteveDaines","SenStabenow",1
"SteveDaines","SenThomTillis",2
"SteveDaines","SenTinaSmith",1
"SteveDaines","SenTomCotton",2
"SteveDaines","SenTuberville",3
"SteveDaines","SenWarren",1
"timkaine","ChrisMurphyCT",1
"timkaine","CoryBooker",1
"timkaine","JohnCornyn",1
"timkaine","lisamurkowski",1
"timkaine","MarkWarner",35
"timkaine","maziehirono",1
"timkaine","PattyMurray",4
"timkaine","Sen_JoeManchin",1
"timkaine","SenAmyKlobuchar",1
"timkaine","SenatorBennet",4
"timkaine","SenatorCarper",1
"timkaine","SenatorHick",2
"timkaine","SenatorRomney",2
"timkaine","SenatorTester",4
"timkaine","SenatorWarnock",2
"timkaine","SenatorWicker",1
"timkaine","SenBobCasey",2
"timkaine","SenCortezMasto",4
"timkaine","SenMarkey",1
"timkaine","SenSanders",1
"timkaine","SenSchumer",3
"timkaine","SenStabenow",2
"timkaine","SenThomTillis",1
"timkaine","SenToddYoung",1
"timkaine","SenWhitehouse",1
